2024-06-21 15:22:18,454 - DEBUG - handle_msg[b3b5c499fd784bf1a7f370a3a5b665ca]({'header': {'date': datetime.datetime(2024, 6, 21, 20, 22, 18, 453000, tzinfo=tzutc()), 'msg_id': '913a27d5-8a1b-4c09-8465-f8dd689e8012', 'msg_type': 'comm_msg', 'session': '4c256438-0aab-42e0-824d-255bdeafcd93', 'username': 'f03c4bed-5e30-4a65-84b1-314431714024', 'version': '5.2'}, 'msg_id': '913a27d5-8a1b-4c09-8465-f8dd689e8012', 'msg_type': 'comm_msg', 'parent_header': {}, 'metadata': {}, 'content': {'comm_id': 'b3b5c499fd784bf1a7f370a3a5b665ca', 'data': {'method': 'update', 'state': {'outputs': [{'output_type': 'display_data', 'data': {'text/plain': '<IPython.core.display.HTML object>', 'text/html': '\n                    <style>\n                        .email-view {\n                            width: 32%;\n                            overflow-wrap: break-word;\n                            white-space: pre-wrap;\n                            text-align: left;\n                            padding: 10px;\n                        }\n                        table {\n                            width: 100%;\n                            table-layout: fixed;\n                            border-collapse: collapse;\n                        }\n                        td {\n                            vertical-align: top;\n                            border: 1px solid #ccc;\n                        }\n                        mark {\n                            background-color: yellow;\n                            font-weight: bold;\n                        }\n                    </style>\n                    <table>\n                        <tr>\n                            <td class="email-view"><b>Original Email (with highlights):</b><br>From:    Jane Doe <jane.doe@example.com>\nSent:    Monday, May 26, 2024 9:15 AM\nTo:      Customer Support <support@businessdomain.com>\nSubject: Inquiry About Product Discounts\n\nHello,\n\nI was trying to navigate through your online portal and noticed several discounts for different products. However, I\'m unsure about how to apply the member-exclusive discounts that are mentioned in the menu section. Could you guide me on how this works?\n\nThanks,\nJane</td>\n                            <td class="email-view"><b>Email Without Unwanted Texts:</b><br>From:    Jane Doe <jane.doe@example.com>\nSent:    Monday, May 26, 2024 9:15 AM\nTo:      Customer Support <support@businessdomain.com>\nSubject: Inquiry About Product Discounts\n\nHello,\n\nI was trying to navigate through your online portal and noticed several discounts for different products. However, I\'m unsure about how to apply the member-exclusive discounts that are mentioned in the menu section. Could you guide me on how this works?\n\nThanks,\nJane</td>\n                            <td class="email-view"><b>Processed Email:</b><br>from jane doe sent monday may am to customer support support subject inquiry about product discounts hello trying navigate online portal noticed several discount different product however unsure apply discount mentioned menu section could guide work thanks jane</td>\n                        </tr>\n                    </table>\n                    '}, 'metadata': {}}]}, 'buffer_paths': []}}, 'buffers': []})
2024-06-21 15:22:18,515 - DEBUG - EUC-JP Japanese prober hit error at byte 1185
2024-06-21 15:22:18,516 - DEBUG - EUC-KR Korean prober hit error at byte 1185
2024-06-21 15:22:18,516 - DEBUG - CP949 Korean prober hit error at byte 1185
2024-06-21 15:22:18,517 - DEBUG - Big5 Chinese prober hit error at byte 1186
2024-06-21 15:22:18,517 - DEBUG - EUC-TW Taiwan prober hit error at byte 1185
2024-06-21 15:22:18,519 - DEBUG - utf-8  confidence = 0.7525
2024-06-21 15:22:18,519 - DEBUG - SHIFT_JIS Japanese confidence = 0.01
2024-06-21 15:22:18,519 - DEBUG - EUC-JP not active
2024-06-21 15:22:18,519 - DEBUG - GB2312 Chinese confidence = 0.01
2024-06-21 15:22:18,519 - DEBUG - EUC-KR not active
2024-06-21 15:22:18,519 - DEBUG - CP949 not active
2024-06-21 15:22:18,519 - DEBUG - Big5 not active
2024-06-21 15:22:18,519 - DEBUG - EUC-TW not active
2024-06-21 15:22:18,519 - DEBUG - windows-1251 Russian confidence = 0.01
2024-06-21 15:22:18,519 - DEBUG - KOI8-R Russian confidence = 0.01
2024-06-21 15:22:18,519 - DEBUG - ISO-8859-5 Russian confidence = 0.01
2024-06-21 15:22:18,519 - DEBUG - MacCyrillic Russian confidence = 0.0
2024-06-21 15:22:18,519 - DEBUG - IBM866 Russian confidence = 0.0
2024-06-21 15:22:18,519 - DEBUG - IBM855 Russian confidence = 0.01
2024-06-21 15:22:18,519 - DEBUG - ISO-8859-7 Greek confidence = 0.01
2024-06-21 15:22:18,519 - DEBUG - windows-1253 Greek confidence = 0.01
2024-06-21 15:22:18,519 - DEBUG - ISO-8859-5 Bulgarian confidence = 0.01
2024-06-21 15:22:18,519 - DEBUG - windows-1251 Bulgarian confidence = 0.01
2024-06-21 15:22:18,519 - DEBUG - TIS-620 Thai confidence = 0.01
2024-06-21 15:22:18,519 - DEBUG - ISO-8859-9 Turkish confidence = 0.5321550136386491
2024-06-21 15:22:18,519 - DEBUG - windows-1255 Hebrew confidence = 0.0
2024-06-21 15:22:18,519 - DEBUG - windows-1255 Hebrew confidence = 0.0
2024-06-21 15:22:18,519 - DEBUG - windows-1255 Hebrew confidence = 0.0
2024-06-21 15:22:18,519 - DEBUG - utf-8  confidence = 0.7525
2024-06-21 15:22:18,519 - DEBUG - SHIFT_JIS Japanese confidence = 0.01
2024-06-21 15:22:18,519 - DEBUG - EUC-JP not active
2024-06-21 15:22:18,519 - DEBUG - GB2312 Chinese confidence = 0.01
2024-06-21 15:22:18,519 - DEBUG - EUC-KR not active
2024-06-21 15:22:18,519 - DEBUG - CP949 not active
2024-06-21 15:22:18,519 - DEBUG - Big5 not active
2024-06-21 15:22:18,519 - DEBUG - EUC-TW not active
2024-06-21 15:22:18,529 - DEBUG - EUC-JP Japanese prober hit error at byte 378
2024-06-21 15:22:18,530 - DEBUG - EUC-KR Korean prober hit error at byte 378
2024-06-21 15:22:18,530 - DEBUG - CP949 Korean prober hit error at byte 378
2024-06-21 15:22:18,530 - DEBUG - Big5 Chinese prober hit error at byte 379
2024-06-21 15:22:18,530 - DEBUG - EUC-TW Taiwan prober hit error at byte 378
2024-06-21 15:22:18,532 - DEBUG - utf-8  confidence = 0.505
2024-06-21 15:22:18,532 - DEBUG - SHIFT_JIS Japanese confidence = 0.01
2024-06-21 15:22:18,532 - DEBUG - EUC-JP not active
2024-06-21 15:22:18,532 - DEBUG - GB2312 Chinese confidence = 0.01
2024-06-21 15:22:18,532 - DEBUG - EUC-KR not active
2024-06-21 15:22:18,532 - DEBUG - CP949 not active
2024-06-21 15:22:18,532 - DEBUG - Big5 not active
2024-06-21 15:22:18,532 - DEBUG - EUC-TW not active
2024-06-21 15:22:18,532 - DEBUG - windows-1251 Russian confidence = 0.01
2024-06-21 15:22:18,532 - DEBUG - KOI8-R Russian confidence = 0.01
2024-06-21 15:22:18,532 - DEBUG - ISO-8859-5 Russian confidence = 0.01
2024-06-21 15:22:18,532 - DEBUG - MacCyrillic Russian confidence = 0.0
2024-06-21 15:22:18,532 - DEBUG - IBM866 Russian confidence = 0.0
2024-06-21 15:22:18,532 - DEBUG - IBM855 Russian confidence = 0.01
2024-06-21 15:22:18,532 - DEBUG - ISO-8859-7 Greek confidence = 0.0
2024-06-21 15:22:18,532 - DEBUG - windows-1253 Greek confidence = 0.0
2024-06-21 15:22:18,532 - DEBUG - ISO-8859-5 Bulgarian confidence = 0.01
2024-06-21 15:22:18,532 - DEBUG - windows-1251 Bulgarian confidence = 0.01
2024-06-21 15:22:18,532 - DEBUG - TIS-620 Thai confidence = 0.01
2024-06-21 15:22:18,532 - DEBUG - ISO-8859-9 Turkish confidence = 0.5842903017423253
2024-06-21 15:22:18,532 - DEBUG - windows-1255 Hebrew confidence = 0.0
2024-06-21 15:22:18,532 - DEBUG - windows-1255 Hebrew confidence = 0.0
2024-06-21 15:22:18,532 - DEBUG - windows-1255 Hebrew confidence = 0.0
2024-06-21 15:22:18,551 - DEBUG - EUC-JP Japanese prober hit error at byte 795
2024-06-21 15:22:18,552 - DEBUG - EUC-KR Korean prober hit error at byte 795
2024-06-21 15:22:18,553 - DEBUG - CP949 Korean prober hit error at byte 795
2024-06-21 15:22:18,553 - DEBUG - Big5 Chinese prober hit error at byte 796
2024-06-21 15:22:18,553 - DEBUG - EUC-TW Taiwan prober hit error at byte 795
2024-06-21 15:22:18,555 - DEBUG - utf-8  confidence = 0.505
2024-06-21 15:22:18,555 - DEBUG - SHIFT_JIS Japanese confidence = 0.01
2024-06-21 15:22:18,555 - DEBUG - EUC-JP not active
2024-06-21 15:22:18,555 - DEBUG - GB2312 Chinese confidence = 0.01
2024-06-21 15:22:18,555 - DEBUG - EUC-KR not active
2024-06-21 15:22:18,555 - DEBUG - CP949 not active
2024-06-21 15:22:18,555 - DEBUG - Big5 not active
2024-06-21 15:22:18,555 - DEBUG - EUC-TW not active
2024-06-21 15:22:18,555 - DEBUG - windows-1251 Russian confidence = 0.01
2024-06-21 15:22:18,555 - DEBUG - KOI8-R Russian confidence = 0.01
2024-06-21 15:22:18,555 - DEBUG - ISO-8859-5 Russian confidence = 0.01
2024-06-21 15:22:18,555 - DEBUG - MacCyrillic Russian confidence = 0.0
2024-06-21 15:22:18,555 - DEBUG - IBM866 Russian confidence = 0.0
2024-06-21 15:22:18,555 - DEBUG - IBM855 Russian confidence = 0.01
2024-06-21 15:22:18,555 - DEBUG - ISO-8859-7 Greek confidence = 0.01
2024-06-21 15:22:18,555 - DEBUG - windows-1253 Greek confidence = 0.01
2024-06-21 15:22:18,555 - DEBUG - ISO-8859-5 Bulgarian confidence = 0.01
2024-06-21 15:22:18,555 - DEBUG - windows-1251 Bulgarian confidence = 0.01
2024-06-21 15:22:18,555 - DEBUG - TIS-620 Thai confidence = 0.01
2024-06-21 15:22:18,555 - DEBUG - ISO-8859-9 Turkish confidence = 0.5561759341728019
2024-06-21 15:22:18,555 - DEBUG - windows-1255 Hebrew confidence = 0.0
2024-06-21 15:22:18,555 - DEBUG - windows-1255 Hebrew confidence = 0.01
2024-06-21 15:22:18,555 - DEBUG - windows-1255 Hebrew confidence = 0.01
2024-06-21 15:22:18,559 - DEBUG - EUC-JP Japanese prober hit error at byte 1131
2024-06-21 15:22:18,559 - DEBUG - EUC-KR Korean prober hit error at byte 1131
2024-06-21 15:22:18,560 - DEBUG - CP949 Korean prober hit error at byte 1131
2024-06-21 15:22:18,560 - DEBUG - Big5 Chinese prober hit error at byte 1132
2024-06-21 15:22:18,560 - DEBUG - EUC-TW Taiwan prober hit error at byte 1131
2024-06-21 15:22:18,562 - DEBUG - utf-8  confidence = 0.505
2024-06-21 15:22:18,562 - DEBUG - SHIFT_JIS Japanese confidence = 0.01
2024-06-21 15:22:18,562 - DEBUG - EUC-JP not active
2024-06-21 15:22:18,562 - DEBUG - GB2312 Chinese confidence = 0.01
2024-06-21 15:22:18,562 - DEBUG - EUC-KR not active
2024-06-21 15:22:18,562 - DEBUG - CP949 not active
2024-06-21 15:22:18,562 - DEBUG - Big5 not active
2024-06-21 15:22:18,562 - DEBUG - EUC-TW not active
2024-06-21 15:22:18,562 - DEBUG - windows-1251 Russian confidence = 0.01
2024-06-21 15:22:18,562 - DEBUG - KOI8-R Russian confidence = 0.01
2024-06-21 15:22:18,562 - DEBUG - ISO-8859-5 Russian confidence = 0.01
2024-06-21 15:22:18,562 - DEBUG - MacCyrillic Russian confidence = 0.0
2024-06-21 15:22:18,562 - DEBUG - IBM866 Russian confidence = 0.0
2024-06-21 15:22:18,562 - DEBUG - IBM855 Russian confidence = 0.01
2024-06-21 15:22:18,562 - DEBUG - ISO-8859-7 Greek confidence = 0.01
2024-06-21 15:22:18,562 - DEBUG - windows-1253 Greek confidence = 0.01
2024-06-21 15:22:18,562 - DEBUG - ISO-8859-5 Bulgarian confidence = 0.01
2024-06-21 15:22:18,562 - DEBUG - windows-1251 Bulgarian confidence = 0.01
2024-06-21 15:22:18,562 - DEBUG - TIS-620 Thai confidence = 0.01
2024-06-21 15:22:18,562 - DEBUG - ISO-8859-9 Turkish confidence = 0.5828805087698193
2024-06-21 15:22:18,562 - DEBUG - windows-1255 Hebrew confidence = 0.0
2024-06-21 15:22:18,562 - DEBUG - windows-1255 Hebrew confidence = 0.0
2024-06-21 15:22:18,562 - DEBUG - windows-1255 Hebrew confidence = 0.0
2024-06-21 15:22:18,566 - DEBUG - EUC-JP Japanese prober hit error at byte 814
2024-06-21 15:22:18,567 - DEBUG - EUC-KR Korean prober hit error at byte 814
2024-06-21 15:22:18,567 - DEBUG - CP949 Korean prober hit error at byte 814
2024-06-21 15:22:18,568 - DEBUG - Big5 Chinese prober hit error at byte 815
2024-06-21 15:22:18,568 - DEBUG - EUC-TW Taiwan prober hit error at byte 814
2024-06-21 15:22:18,569 - DEBUG - utf-8  confidence = 0.505
2024-06-21 15:22:18,569 - DEBUG - SHIFT_JIS Japanese confidence = 0.01
2024-06-21 15:22:18,569 - DEBUG - EUC-JP not active
2024-06-21 15:22:18,569 - DEBUG - GB2312 Chinese confidence = 0.01
2024-06-21 15:22:18,569 - DEBUG - EUC-KR not active
2024-06-21 15:22:18,569 - DEBUG - CP949 not active
2024-06-21 15:22:18,569 - DEBUG - Big5 not active
2024-06-21 15:22:18,569 - DEBUG - EUC-TW not active
2024-06-21 15:22:18,569 - DEBUG - windows-1251 Russian confidence = 0.01
2024-06-21 15:22:18,569 - DEBUG - KOI8-R Russian confidence = 0.01
2024-06-21 15:22:18,569 - DEBUG - ISO-8859-5 Russian confidence = 0.01
2024-06-21 15:22:18,569 - DEBUG - MacCyrillic Russian confidence = 0.0
2024-06-21 15:22:18,569 - DEBUG - IBM866 Russian confidence = 0.0
2024-06-21 15:22:18,569 - DEBUG - IBM855 Russian confidence = 0.01
2024-06-21 15:22:18,569 - DEBUG - ISO-8859-7 Greek confidence = 0.01
2024-06-21 15:22:18,569 - DEBUG - windows-1253 Greek confidence = 0.01
2024-06-21 15:22:18,569 - DEBUG - ISO-8859-5 Bulgarian confidence = 0.01
2024-06-21 15:22:18,569 - DEBUG - windows-1251 Bulgarian confidence = 0.01
2024-06-21 15:22:18,569 - DEBUG - TIS-620 Thai confidence = 0.01
2024-06-21 15:22:18,569 - DEBUG - ISO-8859-9 Turkish confidence = 0.6145511464273541
2024-06-21 15:22:18,569 - DEBUG - windows-1255 Hebrew confidence = 0.0
2024-06-21 15:22:18,569 - DEBUG - windows-1255 Hebrew confidence = 0.0
2024-06-21 15:22:18,569 - DEBUG - windows-1255 Hebrew confidence = 0.0
2024-06-21 15:22:18,572 - DEBUG - EUC-JP Japanese prober hit error at byte 351
2024-06-21 15:22:18,572 - DEBUG - EUC-KR Korean prober hit error at byte 351
2024-06-21 15:22:18,573 - DEBUG - CP949 Korean prober hit error at byte 351
2024-06-21 15:22:18,573 - DEBUG - Big5 Chinese prober hit error at byte 352
2024-06-21 15:22:18,573 - DEBUG - EUC-TW Taiwan prober hit error at byte 351
2024-06-21 15:22:18,575 - DEBUG - utf-8  confidence = 0.87625
2024-06-21 15:22:18,575 - DEBUG - SHIFT_JIS Japanese confidence = 0.01
2024-06-21 15:22:18,575 - DEBUG - EUC-JP not active
2024-06-21 15:22:18,575 - DEBUG - GB2312 Chinese confidence = 0.01
2024-06-21 15:22:18,575 - DEBUG - EUC-KR not active
2024-06-21 15:22:18,575 - DEBUG - CP949 not active
2024-06-21 15:22:18,575 - DEBUG - Big5 not active
2024-06-21 15:22:18,575 - DEBUG - EUC-TW not active
2024-06-21 15:22:18,575 - DEBUG - windows-1251 Russian confidence = 0.01
2024-06-21 15:22:18,575 - DEBUG - KOI8-R Russian confidence = 0.01
2024-06-21 15:22:18,575 - DEBUG - ISO-8859-5 Russian confidence = 0.01
2024-06-21 15:22:18,575 - DEBUG - MacCyrillic Russian confidence = 0.0
2024-06-21 15:22:18,575 - DEBUG - IBM866 Russian confidence = 0.0
2024-06-21 15:22:18,575 - DEBUG - IBM855 Russian confidence = 0.01
2024-06-21 15:22:18,575 - DEBUG - ISO-8859-7 Greek confidence = 0.0
2024-06-21 15:22:18,575 - DEBUG - windows-1253 Greek confidence = 0.0
2024-06-21 15:22:18,575 - DEBUG - ISO-8859-5 Bulgarian confidence = 0.01
2024-06-21 15:22:18,575 - DEBUG - windows-1251 Bulgarian confidence = 0.01
2024-06-21 15:22:18,575 - DEBUG - TIS-620 Thai confidence = 0.01
2024-06-21 15:22:18,575 - DEBUG - ISO-8859-9 Turkish confidence = 0.5773831980375089
2024-06-21 15:22:18,575 - DEBUG - windows-1255 Hebrew confidence = 0.0
2024-06-21 15:22:18,575 - DEBUG - windows-1255 Hebrew confidence = 0.0
2024-06-21 15:22:18,575 - DEBUG - windows-1255 Hebrew confidence = 0.0
2024-06-21 15:22:18,575 - DEBUG - utf-8  confidence = 0.87625
2024-06-21 15:22:18,575 - DEBUG - SHIFT_JIS Japanese confidence = 0.01
2024-06-21 15:22:18,575 - DEBUG - EUC-JP not active
2024-06-21 15:22:18,575 - DEBUG - GB2312 Chinese confidence = 0.01
2024-06-21 15:22:18,575 - DEBUG - EUC-KR not active
2024-06-21 15:22:18,575 - DEBUG - CP949 not active
2024-06-21 15:22:18,575 - DEBUG - Big5 not active
2024-06-21 15:22:18,575 - DEBUG - EUC-TW not active
2024-06-21 15:22:18,583 - DEBUG - EUC-JP Japanese prober hit error at byte 1533
2024-06-21 15:22:18,584 - DEBUG - EUC-KR Korean prober hit error at byte 1533
2024-06-21 15:22:18,584 - DEBUG - CP949 Korean prober hit error at byte 1533
2024-06-21 15:22:18,585 - DEBUG - Big5 Chinese prober hit error at byte 1534
2024-06-21 15:22:18,586 - DEBUG - EUC-TW Taiwan prober hit error at byte 1533
2024-06-21 15:22:18,588 - DEBUG - utf-8  confidence = 0.505
2024-06-21 15:22:18,588 - DEBUG - SHIFT_JIS Japanese confidence = 0.01
2024-06-21 15:22:18,588 - DEBUG - EUC-JP not active
2024-06-21 15:22:18,588 - DEBUG - GB2312 Chinese confidence = 0.01
2024-06-21 15:22:18,588 - DEBUG - EUC-KR not active
2024-06-21 15:22:18,588 - DEBUG - CP949 not active
2024-06-21 15:22:18,588 - DEBUG - Big5 not active
2024-06-21 15:22:18,588 - DEBUG - EUC-TW not active
2024-06-21 15:22:18,588 - DEBUG - windows-1251 Russian confidence = 0.01
2024-06-21 15:22:18,588 - DEBUG - KOI8-R Russian confidence = 0.01
2024-06-21 15:22:18,588 - DEBUG - ISO-8859-5 Russian confidence = 0.01
2024-06-21 15:22:18,588 - DEBUG - MacCyrillic Russian confidence = 0.0
2024-06-21 15:22:18,588 - DEBUG - IBM866 Russian confidence = 0.0
2024-06-21 15:22:18,588 - DEBUG - IBM855 Russian confidence = 0.01
2024-06-21 15:22:18,588 - DEBUG - ISO-8859-7 Greek confidence = 0.0
2024-06-21 15:22:18,588 - DEBUG - windows-1253 Greek confidence = 0.0
2024-06-21 15:22:18,588 - DEBUG - ISO-8859-5 Bulgarian confidence = 0.01
2024-06-21 15:22:18,588 - DEBUG - windows-1251 Bulgarian confidence = 0.01
2024-06-21 15:22:18,588 - DEBUG - TIS-620 Thai confidence = 0.01
2024-06-21 15:22:18,588 - DEBUG - ISO-8859-9 Turkish confidence = 0.5921610046837212
2024-06-21 15:22:18,588 - DEBUG - windows-1255 Hebrew confidence = 0.0
2024-06-21 15:22:18,588 - DEBUG - windows-1255 Hebrew confidence = 0.0
2024-06-21 15:22:18,588 - DEBUG - windows-1255 Hebrew confidence = 0.0
2024-06-21 15:22:18,591 - DEBUG - EUC-JP Japanese prober hit error at byte 426
2024-06-21 15:22:18,591 - DEBUG - EUC-KR Korean prober hit error at byte 426
2024-06-21 15:22:18,591 - DEBUG - CP949 Korean prober hit error at byte 426
2024-06-21 15:22:18,591 - DEBUG - Big5 Chinese prober hit error at byte 427
2024-06-21 15:22:18,592 - DEBUG - EUC-TW Taiwan prober hit error at byte 426
2024-06-21 15:22:18,592 - DEBUG - utf-8  confidence = 0.505
2024-06-21 15:22:18,592 - DEBUG - SHIFT_JIS Japanese confidence = 0.01
2024-06-21 15:22:18,592 - DEBUG - EUC-JP not active
2024-06-21 15:22:18,592 - DEBUG - GB2312 Chinese confidence = 0.01
2024-06-21 15:22:18,592 - DEBUG - EUC-KR not active
2024-06-21 15:22:18,592 - DEBUG - CP949 not active
2024-06-21 15:22:18,592 - DEBUG - Big5 not active
2024-06-21 15:22:18,592 - DEBUG - EUC-TW not active
2024-06-21 15:22:18,592 - DEBUG - windows-1251 Russian confidence = 0.01
2024-06-21 15:22:18,592 - DEBUG - KOI8-R Russian confidence = 0.01
2024-06-21 15:22:18,592 - DEBUG - ISO-8859-5 Russian confidence = 0.01
2024-06-21 15:22:18,592 - DEBUG - MacCyrillic Russian confidence = 0.0
2024-06-21 15:22:18,593 - DEBUG - IBM866 Russian confidence = 0.0
2024-06-21 15:22:18,593 - DEBUG - IBM855 Russian confidence = 0.01
2024-06-21 15:22:18,593 - DEBUG - ISO-8859-7 Greek confidence = 0.0
2024-06-21 15:22:18,593 - DEBUG - windows-1253 Greek confidence = 0.0
2024-06-21 15:22:18,593 - DEBUG - ISO-8859-5 Bulgarian confidence = 0.01
2024-06-21 15:22:18,593 - DEBUG - windows-1251 Bulgarian confidence = 0.01
2024-06-21 15:22:18,593 - DEBUG - TIS-620 Thai confidence = 0.01
2024-06-21 15:22:18,593 - DEBUG - ISO-8859-9 Turkish confidence = 0.5296677583315623
2024-06-21 15:22:18,593 - DEBUG - windows-1255 Hebrew confidence = 0.0
2024-06-21 15:22:18,593 - DEBUG - windows-1255 Hebrew confidence = 0.0
2024-06-21 15:22:18,593 - DEBUG - windows-1255 Hebrew confidence = 0.0
2024-06-21 15:22:18,595 - DEBUG - EUC-JP Japanese prober hit error at byte 1509
2024-06-21 15:22:18,596 - DEBUG - EUC-KR Korean prober hit error at byte 1509
2024-06-21 15:22:18,597 - DEBUG - CP949 Korean prober hit error at byte 1509
2024-06-21 15:22:18,597 - DEBUG - Big5 Chinese prober hit error at byte 1510
2024-06-21 15:22:18,597 - DEBUG - EUC-TW Taiwan prober hit error at byte 1509
2024-06-21 15:22:18,599 - DEBUG - utf-8  confidence = 0.505
2024-06-21 15:22:18,599 - DEBUG - SHIFT_JIS Japanese confidence = 0.01
2024-06-21 15:22:18,599 - DEBUG - EUC-JP not active
2024-06-21 15:22:18,599 - DEBUG - GB2312 Chinese confidence = 0.01
2024-06-21 15:22:18,599 - DEBUG - EUC-KR not active
2024-06-21 15:22:18,599 - DEBUG - CP949 not active
2024-06-21 15:22:18,599 - DEBUG - Big5 not active
2024-06-21 15:22:18,599 - DEBUG - EUC-TW not active
2024-06-21 15:22:18,599 - DEBUG - windows-1251 Russian confidence = 0.01
2024-06-21 15:22:18,599 - DEBUG - KOI8-R Russian confidence = 0.01
2024-06-21 15:22:18,599 - DEBUG - ISO-8859-5 Russian confidence = 0.01
2024-06-21 15:22:18,599 - DEBUG - MacCyrillic Russian confidence = 0.0
2024-06-21 15:22:18,599 - DEBUG - IBM866 Russian confidence = 0.0
2024-06-21 15:22:18,599 - DEBUG - IBM855 Russian confidence = 0.01
2024-06-21 15:22:18,599 - DEBUG - ISO-8859-7 Greek confidence = 0.01
2024-06-21 15:22:18,599 - DEBUG - windows-1253 Greek confidence = 0.01
2024-06-21 15:22:18,599 - DEBUG - ISO-8859-5 Bulgarian confidence = 0.01
2024-06-21 15:22:18,599 - DEBUG - windows-1251 Bulgarian confidence = 0.01
2024-06-21 15:22:18,599 - DEBUG - TIS-620 Thai confidence = 0.01
2024-06-21 15:22:18,599 - DEBUG - ISO-8859-9 Turkish confidence = 0.5829203829871805
2024-06-21 15:22:18,599 - DEBUG - windows-1255 Hebrew confidence = 0.0
2024-06-21 15:22:18,599 - DEBUG - windows-1255 Hebrew confidence = 0.01
2024-06-21 15:22:18,599 - DEBUG - windows-1255 Hebrew confidence = 0.01
2024-06-21 15:22:18,606 - DEBUG - EUC-JP Japanese prober hit error at byte 815
2024-06-21 15:22:18,607 - DEBUG - EUC-KR Korean prober hit error at byte 815
2024-06-21 15:22:18,607 - DEBUG - CP949 Korean prober hit error at byte 815
2024-06-21 15:22:18,607 - DEBUG - Big5 Chinese prober hit error at byte 816
2024-06-21 15:22:18,608 - DEBUG - EUC-TW Taiwan prober hit error at byte 815
2024-06-21 15:22:18,609 - DEBUG - utf-8  confidence = 0.505
2024-06-21 15:22:18,609 - DEBUG - SHIFT_JIS Japanese confidence = 0.01
2024-06-21 15:22:18,609 - DEBUG - EUC-JP not active
2024-06-21 15:22:18,609 - DEBUG - GB2312 Chinese confidence = 0.01
2024-06-21 15:22:18,609 - DEBUG - EUC-KR not active
2024-06-21 15:22:18,609 - DEBUG - CP949 not active
2024-06-21 15:22:18,609 - DEBUG - Big5 not active
2024-06-21 15:22:18,609 - DEBUG - EUC-TW not active
2024-06-21 15:22:18,609 - DEBUG - windows-1251 Russian confidence = 0.01
2024-06-21 15:22:18,609 - DEBUG - KOI8-R Russian confidence = 0.01
2024-06-21 15:22:18,609 - DEBUG - ISO-8859-5 Russian confidence = 0.01
2024-06-21 15:22:18,609 - DEBUG - MacCyrillic Russian confidence = 0.0
2024-06-21 15:22:18,609 - DEBUG - IBM866 Russian confidence = 0.0
2024-06-21 15:22:18,609 - DEBUG - IBM855 Russian confidence = 0.01
2024-06-21 15:22:18,609 - DEBUG - ISO-8859-7 Greek confidence = 0.0
2024-06-21 15:22:18,609 - DEBUG - windows-1253 Greek confidence = 0.0
2024-06-21 15:22:18,609 - DEBUG - ISO-8859-5 Bulgarian confidence = 0.01
2024-06-21 15:22:18,609 - DEBUG - windows-1251 Bulgarian confidence = 0.01
2024-06-21 15:22:18,609 - DEBUG - TIS-620 Thai confidence = 0.01
2024-06-21 15:22:18,609 - DEBUG - ISO-8859-9 Turkish confidence = 0.588171721626968
2024-06-21 15:22:18,609 - DEBUG - windows-1255 Hebrew confidence = 0.0
2024-06-21 15:22:18,609 - DEBUG - windows-1255 Hebrew confidence = 0.0
2024-06-21 15:22:18,610 - DEBUG - windows-1255 Hebrew confidence = 0.0
2024-06-21 15:22:18,613 - DEBUG - EUC-JP Japanese prober hit error at byte 378
2024-06-21 15:22:18,614 - DEBUG - EUC-KR Korean prober hit error at byte 378
2024-06-21 15:22:18,614 - DEBUG - CP949 Korean prober hit error at byte 378
2024-06-21 15:22:18,614 - DEBUG - Big5 Chinese prober hit error at byte 379
2024-06-21 15:22:18,614 - DEBUG - EUC-TW Taiwan prober hit error at byte 378
2024-06-21 15:22:18,616 - DEBUG - utf-8  confidence = 0.505
2024-06-21 15:22:18,616 - DEBUG - SHIFT_JIS Japanese confidence = 0.01
2024-06-21 15:22:18,616 - DEBUG - EUC-JP not active
2024-06-21 15:22:18,616 - DEBUG - GB2312 Chinese confidence = 0.01
2024-06-21 15:22:18,616 - DEBUG - EUC-KR not active
2024-06-21 15:22:18,616 - DEBUG - CP949 not active
2024-06-21 15:22:18,616 - DEBUG - Big5 not active
2024-06-21 15:22:18,616 - DEBUG - EUC-TW not active
2024-06-21 15:22:18,616 - DEBUG - windows-1251 Russian confidence = 0.01
2024-06-21 15:22:18,616 - DEBUG - KOI8-R Russian confidence = 0.01
2024-06-21 15:22:18,616 - DEBUG - ISO-8859-5 Russian confidence = 0.01
2024-06-21 15:22:18,616 - DEBUG - MacCyrillic Russian confidence = 0.0
2024-06-21 15:22:18,616 - DEBUG - IBM866 Russian confidence = 0.0
2024-06-21 15:22:18,616 - DEBUG - IBM855 Russian confidence = 0.01
2024-06-21 15:22:18,616 - DEBUG - ISO-8859-7 Greek confidence = 0.0
2024-06-21 15:22:18,616 - DEBUG - windows-1253 Greek confidence = 0.0
2024-06-21 15:22:18,616 - DEBUG - ISO-8859-5 Bulgarian confidence = 0.01
2024-06-21 15:22:18,616 - DEBUG - windows-1251 Bulgarian confidence = 0.01
2024-06-21 15:22:18,616 - DEBUG - TIS-620 Thai confidence = 0.01
2024-06-21 15:22:18,616 - DEBUG - ISO-8859-9 Turkish confidence = 0.590649733196538
2024-06-21 15:22:18,616 - DEBUG - windows-1255 Hebrew confidence = 0.0
2024-06-21 15:22:18,616 - DEBUG - windows-1255 Hebrew confidence = 0.0
2024-06-21 15:22:18,616 - DEBUG - windows-1255 Hebrew confidence = 0.0
2024-06-21 15:22:18,618 - DEBUG - EUC-JP Japanese prober hit error at byte 473
2024-06-21 15:22:18,619 - DEBUG - EUC-KR Korean prober hit error at byte 473
2024-06-21 15:22:18,619 - DEBUG - CP949 Korean prober hit error at byte 473
2024-06-21 15:22:18,619 - DEBUG - Big5 Chinese prober hit error at byte 474
2024-06-21 15:22:18,619 - DEBUG - EUC-TW Taiwan prober hit error at byte 473
2024-06-21 15:22:18,620 - DEBUG - utf-8  confidence = 0.505
2024-06-21 15:22:18,620 - DEBUG - SHIFT_JIS Japanese confidence = 0.01
2024-06-21 15:22:18,620 - DEBUG - EUC-JP not active
2024-06-21 15:22:18,620 - DEBUG - GB2312 Chinese confidence = 0.01
2024-06-21 15:22:18,620 - DEBUG - EUC-KR not active
2024-06-21 15:22:18,620 - DEBUG - CP949 not active
2024-06-21 15:22:18,620 - DEBUG - Big5 not active
2024-06-21 15:22:18,620 - DEBUG - EUC-TW not active
2024-06-21 15:22:18,620 - DEBUG - windows-1251 Russian confidence = 0.01
2024-06-21 15:22:18,620 - DEBUG - KOI8-R Russian confidence = 0.01
2024-06-21 15:22:18,620 - DEBUG - ISO-8859-5 Russian confidence = 0.01
2024-06-21 15:22:18,620 - DEBUG - MacCyrillic Russian confidence = 0.0
2024-06-21 15:22:18,620 - DEBUG - IBM866 Russian confidence = 0.0
2024-06-21 15:22:18,620 - DEBUG - IBM855 Russian confidence = 0.01
2024-06-21 15:22:18,620 - DEBUG - ISO-8859-7 Greek confidence = 0.01
2024-06-21 15:22:18,620 - DEBUG - windows-1253 Greek confidence = 0.01
2024-06-21 15:22:18,620 - DEBUG - ISO-8859-5 Bulgarian confidence = 0.01
2024-06-21 15:22:18,620 - DEBUG - windows-1251 Bulgarian confidence = 0.01
2024-06-21 15:22:18,620 - DEBUG - TIS-620 Thai confidence = 0.01
2024-06-21 15:22:18,620 - DEBUG - ISO-8859-9 Turkish confidence = 0.6151483545109029
2024-06-21 15:22:18,620 - DEBUG - windows-1255 Hebrew confidence = 0.0
2024-06-21 15:22:18,620 - DEBUG - windows-1255 Hebrew confidence = 0.0
2024-06-21 15:22:18,620 - DEBUG - windows-1255 Hebrew confidence = 0.0
2024-06-21 15:22:18,623 - DEBUG - EUC-JP Japanese prober hit error at byte 1533
2024-06-21 15:22:18,624 - DEBUG - EUC-KR Korean prober hit error at byte 1533
2024-06-21 15:22:18,625 - DEBUG - CP949 Korean prober hit error at byte 1533
2024-06-21 15:22:18,625 - DEBUG - Big5 Chinese prober hit error at byte 1534
2024-06-21 15:22:18,625 - DEBUG - EUC-TW Taiwan prober hit error at byte 1533
2024-06-21 15:22:18,627 - DEBUG - utf-8  confidence = 0.505
2024-06-21 15:22:18,627 - DEBUG - SHIFT_JIS Japanese confidence = 0.01
2024-06-21 15:22:18,627 - DEBUG - EUC-JP not active
2024-06-21 15:22:18,627 - DEBUG - GB2312 Chinese confidence = 0.01
2024-06-21 15:22:18,627 - DEBUG - EUC-KR not active
2024-06-21 15:22:18,627 - DEBUG - CP949 not active
2024-06-21 15:22:18,628 - DEBUG - Big5 not active
2024-06-21 15:22:18,628 - DEBUG - EUC-TW not active
2024-06-21 15:22:18,628 - DEBUG - windows-1251 Russian confidence = 0.01
2024-06-21 15:22:18,628 - DEBUG - KOI8-R Russian confidence = 0.01
2024-06-21 15:22:18,628 - DEBUG - ISO-8859-5 Russian confidence = 0.01
2024-06-21 15:22:18,628 - DEBUG - MacCyrillic Russian confidence = 0.0
2024-06-21 15:22:18,628 - DEBUG - IBM866 Russian confidence = 0.0
2024-06-21 15:22:18,628 - DEBUG - IBM855 Russian confidence = 0.01
2024-06-21 15:22:18,628 - DEBUG - ISO-8859-7 Greek confidence = 0.0
2024-06-21 15:22:18,628 - DEBUG - windows-1253 Greek confidence = 0.0
2024-06-21 15:22:18,628 - DEBUG - ISO-8859-5 Bulgarian confidence = 0.01
2024-06-21 15:22:18,628 - DEBUG - windows-1251 Bulgarian confidence = 0.01
2024-06-21 15:22:18,628 - DEBUG - TIS-620 Thai confidence = 0.01
2024-06-21 15:22:18,628 - DEBUG - ISO-8859-9 Turkish confidence = 0.5942097093088146
2024-06-21 15:22:18,628 - DEBUG - windows-1255 Hebrew confidence = 0.0
2024-06-21 15:22:18,628 - DEBUG - windows-1255 Hebrew confidence = 0.0
2024-06-21 15:22:18,628 - DEBUG - windows-1255 Hebrew confidence = 0.0
2024-06-21 15:22:18,648 - ERROR - Error processing file 0005.txt: tuple indices must be integers or slices, not str
2024-06-21 15:22:18,648 - ERROR - Error processing file 0043.txt: tuple indices must be integers or slices, not str
2024-06-21 15:22:18,650 - DEBUG - EUC-JP Japanese prober hit error at byte 1185
2024-06-21 15:22:18,651 - DEBUG - EUC-KR Korean prober hit error at byte 1185
2024-06-21 15:22:18,651 - DEBUG - CP949 Korean prober hit error at byte 1185
2024-06-21 15:22:18,652 - DEBUG - Big5 Chinese prober hit error at byte 1186
2024-06-21 15:22:18,652 - DEBUG - EUC-TW Taiwan prober hit error at byte 1185
2024-06-21 15:22:18,654 - DEBUG - utf-8  confidence = 0.7525
2024-06-21 15:22:18,654 - DEBUG - SHIFT_JIS Japanese confidence = 0.01
2024-06-21 15:22:18,654 - DEBUG - EUC-JP not active
2024-06-21 15:22:18,654 - DEBUG - GB2312 Chinese confidence = 0.01
2024-06-21 15:22:18,654 - DEBUG - EUC-KR not active
2024-06-21 15:22:18,654 - DEBUG - CP949 not active
2024-06-21 15:22:18,654 - DEBUG - Big5 not active
2024-06-21 15:22:18,654 - DEBUG - EUC-TW not active
2024-06-21 15:22:18,654 - DEBUG - windows-1251 Russian confidence = 0.01
2024-06-21 15:22:18,654 - DEBUG - KOI8-R Russian confidence = 0.01
2024-06-21 15:22:18,654 - DEBUG - ISO-8859-5 Russian confidence = 0.01
2024-06-21 15:22:18,654 - DEBUG - MacCyrillic Russian confidence = 0.0
2024-06-21 15:22:18,654 - DEBUG - IBM866 Russian confidence = 0.0
2024-06-21 15:22:18,654 - DEBUG - IBM855 Russian confidence = 0.01
2024-06-21 15:22:18,654 - DEBUG - ISO-8859-7 Greek confidence = 0.01
2024-06-21 15:22:18,654 - DEBUG - windows-1253 Greek confidence = 0.01
2024-06-21 15:22:18,654 - DEBUG - ISO-8859-5 Bulgarian confidence = 0.01
2024-06-21 15:22:18,654 - DEBUG - windows-1251 Bulgarian confidence = 0.01
2024-06-21 15:22:18,654 - DEBUG - TIS-620 Thai confidence = 0.01
2024-06-21 15:22:18,654 - DEBUG - ISO-8859-9 Turkish confidence = 0.5321550136386491
2024-06-21 15:22:18,654 - DEBUG - windows-1255 Hebrew confidence = 0.0
2024-06-21 15:22:18,654 - DEBUG - windows-1255 Hebrew confidence = 0.0
2024-06-21 15:22:18,654 - DEBUG - windows-1255 Hebrew confidence = 0.0
2024-06-21 15:22:18,654 - DEBUG - utf-8  confidence = 0.7525
2024-06-21 15:22:18,654 - DEBUG - SHIFT_JIS Japanese confidence = 0.01
2024-06-21 15:22:18,654 - DEBUG - EUC-JP not active
2024-06-21 15:22:18,654 - DEBUG - GB2312 Chinese confidence = 0.01
2024-06-21 15:22:18,654 - DEBUG - EUC-KR not active
2024-06-21 15:22:18,654 - DEBUG - CP949 not active
2024-06-21 15:22:18,654 - DEBUG - Big5 not active
2024-06-21 15:22:18,654 - DEBUG - EUC-TW not active
2024-06-21 15:22:18,654 - ERROR - Error processing file 0069.txt: tuple indices must be integers or slices, not str
2024-06-21 15:22:18,655 - ERROR - Error processing file 0013.txt: tuple indices must be integers or slices, not str
2024-06-21 15:22:18,655 - ERROR - Error processing file 0002.txt: tuple indices must be integers or slices, not str
2024-06-21 15:22:18,655 - ERROR - Error processing file 0028.txt: tuple indices must be integers or slices, not str
2024-06-21 15:22:18,656 - ERROR - Error processing file 0016.txt: tuple indices must be integers or slices, not str
2024-06-21 15:22:18,656 - ERROR - Error processing file 0072.txt: tuple indices must be integers or slices, not str
2024-06-21 15:22:18,656 - ERROR - Error processing file 0001.txt: tuple indices must be integers or slices, not str
2024-06-21 15:22:18,657 - ERROR - Error processing file 0048.txt: tuple indices must be integers or slices, not str
2024-06-21 15:22:18,657 - ERROR - Error processing file 0023.txt: tuple indices must be integers or slices, not str
2024-06-21 15:22:18,658 - ERROR - Error processing file 0044.txt: tuple indices must be integers or slices, not str
2024-06-21 15:22:18,658 - ERROR - Error processing file 0067.txt: tuple indices must be integers or slices, not str
2024-06-21 15:22:18,658 - ERROR - Error processing file 0018.txt: tuple indices must be integers or slices, not str
2024-06-21 15:22:18,660 - DEBUG - EUC-JP Japanese prober hit error at byte 378
2024-06-21 15:22:18,660 - DEBUG - EUC-KR Korean prober hit error at byte 378
2024-06-21 15:22:18,661 - DEBUG - CP949 Korean prober hit error at byte 378
2024-06-21 15:22:18,661 - DEBUG - Big5 Chinese prober hit error at byte 379
2024-06-21 15:22:18,661 - DEBUG - EUC-TW Taiwan prober hit error at byte 378
2024-06-21 15:22:18,663 - DEBUG - utf-8  confidence = 0.505
2024-06-21 15:22:18,663 - DEBUG - SHIFT_JIS Japanese confidence = 0.01
2024-06-21 15:22:18,663 - DEBUG - EUC-JP not active
2024-06-21 15:22:18,663 - DEBUG - GB2312 Chinese confidence = 0.01
2024-06-21 15:22:18,663 - DEBUG - EUC-KR not active
2024-06-21 15:22:18,663 - DEBUG - CP949 not active
2024-06-21 15:22:18,663 - DEBUG - Big5 not active
2024-06-21 15:22:18,663 - DEBUG - EUC-TW not active
2024-06-21 15:22:18,663 - DEBUG - windows-1251 Russian confidence = 0.01
2024-06-21 15:22:18,663 - DEBUG - KOI8-R Russian confidence = 0.01
2024-06-21 15:22:18,663 - DEBUG - ISO-8859-5 Russian confidence = 0.01
2024-06-21 15:22:18,663 - DEBUG - MacCyrillic Russian confidence = 0.0
2024-06-21 15:22:18,663 - DEBUG - IBM866 Russian confidence = 0.0
2024-06-21 15:22:18,663 - DEBUG - IBM855 Russian confidence = 0.01
2024-06-21 15:22:18,663 - DEBUG - ISO-8859-7 Greek confidence = 0.0
2024-06-21 15:22:18,663 - DEBUG - windows-1253 Greek confidence = 0.0
2024-06-21 15:22:18,663 - DEBUG - ISO-8859-5 Bulgarian confidence = 0.01
2024-06-21 15:22:18,663 - DEBUG - windows-1251 Bulgarian confidence = 0.01
2024-06-21 15:22:18,663 - DEBUG - TIS-620 Thai confidence = 0.01
2024-06-21 15:22:18,663 - DEBUG - ISO-8859-9 Turkish confidence = 0.5842903017423253
2024-06-21 15:22:18,663 - DEBUG - windows-1255 Hebrew confidence = 0.0
2024-06-21 15:22:18,663 - DEBUG - windows-1255 Hebrew confidence = 0.0
2024-06-21 15:22:18,663 - DEBUG - windows-1255 Hebrew confidence = 0.0
2024-06-21 15:22:18,663 - ERROR - Error processing file 0061.txt: tuple indices must be integers or slices, not str
2024-06-21 15:22:18,663 - ERROR - Error processing file 0015.txt: tuple indices must be integers or slices, not str
2024-06-21 15:22:18,664 - ERROR - Error processing file 0011.txt: tuple indices must be integers or slices, not str
2024-06-21 15:22:18,664 - ERROR - Error processing file 0075.txt: tuple indices must be integers or slices, not str
2024-06-21 15:22:18,664 - ERROR - Error processing file 0033.txt: tuple indices must be integers or slices, not str
2024-06-21 15:22:18,665 - ERROR - Error processing file 0036.txt: tuple indices must be integers or slices, not str
2024-06-21 15:22:18,665 - ERROR - Error processing file 0004.txt: tuple indices must be integers or slices, not str
2024-06-21 15:22:18,665 - ERROR - Error processing file 0050.txt: tuple indices must be integers or slices, not str
2024-06-21 15:22:18,666 - ERROR - Error processing file 0014.txt: tuple indices must be integers or slices, not str
2024-06-21 15:22:18,666 - ERROR - Error processing file 0012.txt: tuple indices must be integers or slices, not str
2024-06-21 15:22:18,667 - ERROR - Error processing file 0041.txt: tuple indices must be integers or slices, not str
2024-06-21 15:22:18,667 - ERROR - Error processing file 0062.txt: tuple indices must be integers or slices, not str
2024-06-21 15:22:18,667 - ERROR - Error processing file 0073.txt: tuple indices must be integers or slices, not str
2024-06-21 15:22:18,667 - ERROR - Error processing file 0026.txt: tuple indices must be integers or slices, not str
2024-06-21 15:22:18,667 - ERROR - Error processing file 0006.txt: tuple indices must be integers or slices, not str
2024-06-21 15:22:18,668 - ERROR - Error processing file 0003.txt: tuple indices must be integers or slices, not str
2024-06-21 15:22:18,668 - ERROR - Error processing file 0037.txt: tuple indices must be integers or slices, not str
2024-06-21 15:22:18,668 - ERROR - Error processing file 0029.txt: tuple indices must be integers or slices, not str
2024-06-21 15:22:18,668 - ERROR - Error processing file 0052.txt: tuple indices must be integers or slices, not str
2024-06-21 15:22:18,669 - ERROR - Error processing file 0051.txt: tuple indices must be integers or slices, not str
2024-06-21 15:22:18,669 - ERROR - Error processing file 0054.txt: tuple indices must be integers or slices, not str
2024-06-21 15:22:18,669 - ERROR - Error processing file 0056.txt: tuple indices must be integers or slices, not str
2024-06-21 15:22:18,669 - ERROR - Error processing file 0053.txt: tuple indices must be integers or slices, not str
2024-06-21 15:22:18,669 - ERROR - Error processing file 0055.txt: tuple indices must be integers or slices, not str
2024-06-21 15:22:18,670 - ERROR - Error processing file 0024.txt: tuple indices must be integers or slices, not str
2024-06-21 15:22:18,670 - ERROR - Error processing file 0066.txt: tuple indices must be integers or slices, not str
2024-06-21 15:22:18,670 - ERROR - Error processing file 0009.txt: tuple indices must be integers or slices, not str
2024-06-21 15:22:18,670 - ERROR - Error processing file 0032.txt: tuple indices must be integers or slices, not str
2024-06-21 15:22:18,672 - DEBUG - EUC-JP Japanese prober hit error at byte 795
2024-06-21 15:22:18,672 - DEBUG - EUC-KR Korean prober hit error at byte 795
2024-06-21 15:22:18,673 - DEBUG - CP949 Korean prober hit error at byte 795
2024-06-21 15:22:18,673 - DEBUG - Big5 Chinese prober hit error at byte 796
2024-06-21 15:22:18,673 - DEBUG - EUC-TW Taiwan prober hit error at byte 795
2024-06-21 15:22:18,674 - DEBUG - utf-8  confidence = 0.505
2024-06-21 15:22:18,674 - DEBUG - SHIFT_JIS Japanese confidence = 0.01
2024-06-21 15:22:18,674 - DEBUG - EUC-JP not active
2024-06-21 15:22:18,674 - DEBUG - GB2312 Chinese confidence = 0.01
2024-06-21 15:22:18,674 - DEBUG - EUC-KR not active
2024-06-21 15:22:18,674 - DEBUG - CP949 not active
2024-06-21 15:22:18,674 - DEBUG - Big5 not active
2024-06-21 15:22:18,674 - DEBUG - EUC-TW not active
2024-06-21 15:22:18,674 - DEBUG - windows-1251 Russian confidence = 0.01
2024-06-21 15:22:18,674 - DEBUG - KOI8-R Russian confidence = 0.01
2024-06-21 15:22:18,674 - DEBUG - ISO-8859-5 Russian confidence = 0.01
2024-06-21 15:22:18,674 - DEBUG - MacCyrillic Russian confidence = 0.0
2024-06-21 15:22:18,674 - DEBUG - IBM866 Russian confidence = 0.0
2024-06-21 15:22:18,674 - DEBUG - IBM855 Russian confidence = 0.01
2024-06-21 15:22:18,674 - DEBUG - ISO-8859-7 Greek confidence = 0.01
2024-06-21 15:22:18,674 - DEBUG - windows-1253 Greek confidence = 0.01
2024-06-21 15:22:18,674 - DEBUG - ISO-8859-5 Bulgarian confidence = 0.01
2024-06-21 15:22:18,674 - DEBUG - windows-1251 Bulgarian confidence = 0.01
2024-06-21 15:22:18,674 - DEBUG - TIS-620 Thai confidence = 0.01
2024-06-21 15:22:18,674 - DEBUG - ISO-8859-9 Turkish confidence = 0.5561759341728019
2024-06-21 15:22:18,674 - DEBUG - windows-1255 Hebrew confidence = 0.0
2024-06-21 15:22:18,674 - DEBUG - windows-1255 Hebrew confidence = 0.01
2024-06-21 15:22:18,674 - DEBUG - windows-1255 Hebrew confidence = 0.01
2024-06-21 15:22:18,674 - ERROR - Error processing file 0040.txt: tuple indices must be integers or slices, not str
2024-06-21 15:22:18,675 - ERROR - Error processing file 0007.txt: tuple indices must be integers or slices, not str
2024-06-21 15:22:18,675 - ERROR - Error processing file 0022.txt: tuple indices must be integers or slices, not str
2024-06-21 15:22:18,678 - DEBUG - EUC-JP Japanese prober hit error at byte 1131
2024-06-21 15:22:18,679 - DEBUG - EUC-KR Korean prober hit error at byte 1131
2024-06-21 15:22:18,679 - DEBUG - CP949 Korean prober hit error at byte 1131
2024-06-21 15:22:18,680 - DEBUG - Big5 Chinese prober hit error at byte 1132
2024-06-21 15:22:18,680 - DEBUG - EUC-TW Taiwan prober hit error at byte 1131
2024-06-21 15:22:18,682 - DEBUG - utf-8  confidence = 0.505
2024-06-21 15:22:18,682 - DEBUG - SHIFT_JIS Japanese confidence = 0.01
2024-06-21 15:22:18,682 - DEBUG - EUC-JP not active
2024-06-21 15:22:18,682 - DEBUG - GB2312 Chinese confidence = 0.01
2024-06-21 15:22:18,682 - DEBUG - EUC-KR not active
2024-06-21 15:22:18,682 - DEBUG - CP949 not active
2024-06-21 15:22:18,682 - DEBUG - Big5 not active
2024-06-21 15:22:18,682 - DEBUG - EUC-TW not active
2024-06-21 15:22:18,682 - DEBUG - windows-1251 Russian confidence = 0.01
2024-06-21 15:22:18,682 - DEBUG - KOI8-R Russian confidence = 0.01
2024-06-21 15:22:18,682 - DEBUG - ISO-8859-5 Russian confidence = 0.01
2024-06-21 15:22:18,682 - DEBUG - MacCyrillic Russian confidence = 0.0
2024-06-21 15:22:18,682 - DEBUG - IBM866 Russian confidence = 0.0
2024-06-21 15:22:18,682 - DEBUG - IBM855 Russian confidence = 0.01
2024-06-21 15:22:18,682 - DEBUG - ISO-8859-7 Greek confidence = 0.01
2024-06-21 15:22:18,682 - DEBUG - windows-1253 Greek confidence = 0.01
2024-06-21 15:22:18,682 - DEBUG - ISO-8859-5 Bulgarian confidence = 0.01
2024-06-21 15:22:18,682 - DEBUG - windows-1251 Bulgarian confidence = 0.01
2024-06-21 15:22:18,682 - DEBUG - TIS-620 Thai confidence = 0.01
2024-06-21 15:22:18,682 - DEBUG - ISO-8859-9 Turkish confidence = 0.5828805087698193
2024-06-21 15:22:18,682 - DEBUG - windows-1255 Hebrew confidence = 0.0
2024-06-21 15:22:18,682 - DEBUG - windows-1255 Hebrew confidence = 0.0
2024-06-21 15:22:18,682 - DEBUG - windows-1255 Hebrew confidence = 0.0
2024-06-21 15:22:18,682 - ERROR - Error processing file 0046.txt: tuple indices must be integers or slices, not str
2024-06-21 15:22:18,683 - ERROR - Error processing file 0064.txt: tuple indices must be integers or slices, not str
2024-06-21 15:22:18,684 - DEBUG - EUC-JP Japanese prober hit error at byte 814
2024-06-21 15:22:18,685 - DEBUG - EUC-KR Korean prober hit error at byte 814
2024-06-21 15:22:18,685 - DEBUG - CP949 Korean prober hit error at byte 814
2024-06-21 15:22:18,685 - DEBUG - Big5 Chinese prober hit error at byte 815
2024-06-21 15:22:18,685 - DEBUG - EUC-TW Taiwan prober hit error at byte 814
2024-06-21 15:22:18,686 - DEBUG - utf-8  confidence = 0.505
2024-06-21 15:22:18,686 - DEBUG - SHIFT_JIS Japanese confidence = 0.01
2024-06-21 15:22:18,686 - DEBUG - EUC-JP not active
2024-06-21 15:22:18,687 - DEBUG - GB2312 Chinese confidence = 0.01
2024-06-21 15:22:18,687 - DEBUG - EUC-KR not active
2024-06-21 15:22:18,687 - DEBUG - CP949 not active
2024-06-21 15:22:18,687 - DEBUG - Big5 not active
2024-06-21 15:22:18,687 - DEBUG - EUC-TW not active
2024-06-21 15:22:18,687 - DEBUG - windows-1251 Russian confidence = 0.01
2024-06-21 15:22:18,687 - DEBUG - KOI8-R Russian confidence = 0.01
2024-06-21 15:22:18,687 - DEBUG - ISO-8859-5 Russian confidence = 0.01
2024-06-21 15:22:18,687 - DEBUG - MacCyrillic Russian confidence = 0.0
2024-06-21 15:22:18,687 - DEBUG - IBM866 Russian confidence = 0.0
2024-06-21 15:22:18,687 - DEBUG - IBM855 Russian confidence = 0.01
2024-06-21 15:22:18,687 - DEBUG - ISO-8859-7 Greek confidence = 0.01
2024-06-21 15:22:18,687 - DEBUG - windows-1253 Greek confidence = 0.01
2024-06-21 15:22:18,687 - DEBUG - ISO-8859-5 Bulgarian confidence = 0.01
2024-06-21 15:22:18,687 - DEBUG - windows-1251 Bulgarian confidence = 0.01
2024-06-21 15:22:18,687 - DEBUG - TIS-620 Thai confidence = 0.01
2024-06-21 15:22:18,687 - DEBUG - ISO-8859-9 Turkish confidence = 0.6145511464273541
2024-06-21 15:22:18,687 - DEBUG - windows-1255 Hebrew confidence = 0.0
2024-06-21 15:22:18,687 - DEBUG - windows-1255 Hebrew confidence = 0.0
2024-06-21 15:22:18,687 - DEBUG - windows-1255 Hebrew confidence = 0.0
2024-06-21 15:22:18,687 - ERROR - Error processing file 0068.txt: tuple indices must be integers or slices, not str
2024-06-21 15:22:18,687 - ERROR - Error processing file 0070.txt: tuple indices must be integers or slices, not str
2024-06-21 15:22:18,688 - DEBUG - EUC-JP Japanese prober hit error at byte 351
2024-06-21 15:22:18,689 - DEBUG - EUC-KR Korean prober hit error at byte 351
2024-06-21 15:22:18,689 - DEBUG - CP949 Korean prober hit error at byte 351
2024-06-21 15:22:18,689 - DEBUG - Big5 Chinese prober hit error at byte 352
2024-06-21 15:22:18,689 - DEBUG - EUC-TW Taiwan prober hit error at byte 351
2024-06-21 15:22:18,690 - DEBUG - utf-8  confidence = 0.87625
2024-06-21 15:22:18,690 - DEBUG - SHIFT_JIS Japanese confidence = 0.01
2024-06-21 15:22:18,690 - DEBUG - EUC-JP not active
2024-06-21 15:22:18,690 - DEBUG - GB2312 Chinese confidence = 0.01
2024-06-21 15:22:18,690 - DEBUG - EUC-KR not active
2024-06-21 15:22:18,690 - DEBUG - CP949 not active
2024-06-21 15:22:18,690 - DEBUG - Big5 not active
2024-06-21 15:22:18,690 - DEBUG - EUC-TW not active
2024-06-21 15:22:18,690 - DEBUG - windows-1251 Russian confidence = 0.01
2024-06-21 15:22:18,690 - DEBUG - KOI8-R Russian confidence = 0.01
2024-06-21 15:22:18,690 - DEBUG - ISO-8859-5 Russian confidence = 0.01
2024-06-21 15:22:18,690 - DEBUG - MacCyrillic Russian confidence = 0.0
2024-06-21 15:22:18,690 - DEBUG - IBM866 Russian confidence = 0.0
2024-06-21 15:22:18,690 - DEBUG - IBM855 Russian confidence = 0.01
2024-06-21 15:22:18,690 - DEBUG - ISO-8859-7 Greek confidence = 0.0
2024-06-21 15:22:18,690 - DEBUG - windows-1253 Greek confidence = 0.0
2024-06-21 15:22:18,691 - DEBUG - ISO-8859-5 Bulgarian confidence = 0.01
2024-06-21 15:22:18,691 - DEBUG - windows-1251 Bulgarian confidence = 0.01
2024-06-21 15:22:18,691 - DEBUG - TIS-620 Thai confidence = 0.01
2024-06-21 15:22:18,691 - DEBUG - ISO-8859-9 Turkish confidence = 0.5773831980375089
2024-06-21 15:22:18,691 - DEBUG - windows-1255 Hebrew confidence = 0.0
2024-06-21 15:22:18,691 - DEBUG - windows-1255 Hebrew confidence = 0.0
2024-06-21 15:22:18,691 - DEBUG - windows-1255 Hebrew confidence = 0.0
2024-06-21 15:22:18,691 - DEBUG - utf-8  confidence = 0.87625
2024-06-21 15:22:18,691 - DEBUG - SHIFT_JIS Japanese confidence = 0.01
2024-06-21 15:22:18,691 - DEBUG - EUC-JP not active
2024-06-21 15:22:18,691 - DEBUG - GB2312 Chinese confidence = 0.01
2024-06-21 15:22:18,691 - DEBUG - EUC-KR not active
2024-06-21 15:22:18,691 - DEBUG - CP949 not active
2024-06-21 15:22:18,691 - DEBUG - Big5 not active
2024-06-21 15:22:18,691 - DEBUG - EUC-TW not active
2024-06-21 15:22:18,691 - ERROR - Error processing file 0017.txt: tuple indices must be integers or slices, not str
2024-06-21 15:22:18,691 - ERROR - Error processing file 0027.txt: tuple indices must be integers or slices, not str
2024-06-21 15:22:18,691 - ERROR - Error processing file 0065.txt: tuple indices must be integers or slices, not str
2024-06-21 15:22:18,692 - ERROR - Error processing file 0031.txt: tuple indices must be integers or slices, not str
2024-06-21 15:22:18,692 - ERROR - Error processing file 0008.txt: tuple indices must be integers or slices, not str
2024-06-21 15:22:18,692 - ERROR - Error processing file 0035.txt: tuple indices must be integers or slices, not str
2024-06-21 15:22:18,693 - ERROR - Error processing file 0049.txt: tuple indices must be integers or slices, not str
2024-06-21 15:22:18,693 - ERROR - Error processing file 0045.txt: tuple indices must be integers or slices, not str
2024-06-21 15:22:18,695 - DEBUG - EUC-JP Japanese prober hit error at byte 1533
2024-06-21 15:22:18,696 - DEBUG - EUC-KR Korean prober hit error at byte 1533
2024-06-21 15:22:18,697 - DEBUG - CP949 Korean prober hit error at byte 1533
2024-06-21 15:22:18,697 - DEBUG - Big5 Chinese prober hit error at byte 1534
2024-06-21 15:22:18,698 - DEBUG - EUC-TW Taiwan prober hit error at byte 1533
2024-06-21 15:22:18,700 - DEBUG - utf-8  confidence = 0.505
2024-06-21 15:22:18,700 - DEBUG - SHIFT_JIS Japanese confidence = 0.01
2024-06-21 15:22:18,700 - DEBUG - EUC-JP not active
2024-06-21 15:22:18,700 - DEBUG - GB2312 Chinese confidence = 0.01
2024-06-21 15:22:18,700 - DEBUG - EUC-KR not active
2024-06-21 15:22:18,700 - DEBUG - CP949 not active
2024-06-21 15:22:18,700 - DEBUG - Big5 not active
2024-06-21 15:22:18,700 - DEBUG - EUC-TW not active
2024-06-21 15:22:18,700 - DEBUG - windows-1251 Russian confidence = 0.01
2024-06-21 15:22:18,700 - DEBUG - KOI8-R Russian confidence = 0.01
2024-06-21 15:22:18,700 - DEBUG - ISO-8859-5 Russian confidence = 0.01
2024-06-21 15:22:18,700 - DEBUG - MacCyrillic Russian confidence = 0.0
2024-06-21 15:22:18,700 - DEBUG - IBM866 Russian confidence = 0.0
2024-06-21 15:22:18,700 - DEBUG - IBM855 Russian confidence = 0.01
2024-06-21 15:22:18,700 - DEBUG - ISO-8859-7 Greek confidence = 0.0
2024-06-21 15:22:18,700 - DEBUG - windows-1253 Greek confidence = 0.0
2024-06-21 15:22:18,700 - DEBUG - ISO-8859-5 Bulgarian confidence = 0.01
2024-06-21 15:22:18,700 - DEBUG - windows-1251 Bulgarian confidence = 0.01
2024-06-21 15:22:18,700 - DEBUG - TIS-620 Thai confidence = 0.01
2024-06-21 15:22:18,700 - DEBUG - ISO-8859-9 Turkish confidence = 0.5921610046837212
2024-06-21 15:22:18,700 - DEBUG - windows-1255 Hebrew confidence = 0.0
2024-06-21 15:22:18,700 - DEBUG - windows-1255 Hebrew confidence = 0.0
2024-06-21 15:22:18,700 - DEBUG - windows-1255 Hebrew confidence = 0.0
2024-06-21 15:22:18,700 - ERROR - Error processing file 0063.txt: tuple indices must be integers or slices, not str
2024-06-21 15:22:18,701 - DEBUG - EUC-JP Japanese prober hit error at byte 426
2024-06-21 15:22:18,702 - DEBUG - EUC-KR Korean prober hit error at byte 426
2024-06-21 15:22:18,702 - DEBUG - CP949 Korean prober hit error at byte 426
2024-06-21 15:22:18,702 - DEBUG - Big5 Chinese prober hit error at byte 427
2024-06-21 15:22:18,702 - DEBUG - EUC-TW Taiwan prober hit error at byte 426
2024-06-21 15:22:18,703 - DEBUG - utf-8  confidence = 0.505
2024-06-21 15:22:18,703 - DEBUG - SHIFT_JIS Japanese confidence = 0.01
2024-06-21 15:22:18,703 - DEBUG - EUC-JP not active
2024-06-21 15:22:18,703 - DEBUG - GB2312 Chinese confidence = 0.01
2024-06-21 15:22:18,703 - DEBUG - EUC-KR not active
2024-06-21 15:22:18,703 - DEBUG - CP949 not active
2024-06-21 15:22:18,703 - DEBUG - Big5 not active
2024-06-21 15:22:18,703 - DEBUG - EUC-TW not active
2024-06-21 15:22:18,703 - DEBUG - windows-1251 Russian confidence = 0.01
2024-06-21 15:22:18,703 - DEBUG - KOI8-R Russian confidence = 0.01
2024-06-21 15:22:18,703 - DEBUG - ISO-8859-5 Russian confidence = 0.01
2024-06-21 15:22:18,703 - DEBUG - MacCyrillic Russian confidence = 0.0
2024-06-21 15:22:18,703 - DEBUG - IBM866 Russian confidence = 0.0
2024-06-21 15:22:18,703 - DEBUG - IBM855 Russian confidence = 0.01
2024-06-21 15:22:18,703 - DEBUG - ISO-8859-7 Greek confidence = 0.0
2024-06-21 15:22:18,703 - DEBUG - windows-1253 Greek confidence = 0.0
2024-06-21 15:22:18,703 - DEBUG - ISO-8859-5 Bulgarian confidence = 0.01
2024-06-21 15:22:18,703 - DEBUG - windows-1251 Bulgarian confidence = 0.01
2024-06-21 15:22:18,703 - DEBUG - TIS-620 Thai confidence = 0.01
2024-06-21 15:22:18,703 - DEBUG - ISO-8859-9 Turkish confidence = 0.5296677583315623
2024-06-21 15:22:18,703 - DEBUG - windows-1255 Hebrew confidence = 0.0
2024-06-21 15:22:18,703 - DEBUG - windows-1255 Hebrew confidence = 0.0
2024-06-21 15:22:18,703 - DEBUG - windows-1255 Hebrew confidence = 0.0
2024-06-21 15:22:18,703 - ERROR - Error processing file 0057.txt: tuple indices must be integers or slices, not str
2024-06-21 15:22:18,705 - DEBUG - EUC-JP Japanese prober hit error at byte 1509
2024-06-21 15:22:18,706 - DEBUG - EUC-KR Korean prober hit error at byte 1509
2024-06-21 15:22:18,707 - DEBUG - CP949 Korean prober hit error at byte 1509
2024-06-21 15:22:18,707 - DEBUG - Big5 Chinese prober hit error at byte 1510
2024-06-21 15:22:18,708 - DEBUG - EUC-TW Taiwan prober hit error at byte 1509
2024-06-21 15:22:18,710 - DEBUG - utf-8  confidence = 0.505
2024-06-21 15:22:18,710 - DEBUG - SHIFT_JIS Japanese confidence = 0.01
2024-06-21 15:22:18,710 - DEBUG - EUC-JP not active
2024-06-21 15:22:18,710 - DEBUG - GB2312 Chinese confidence = 0.01
2024-06-21 15:22:18,710 - DEBUG - EUC-KR not active
2024-06-21 15:22:18,710 - DEBUG - CP949 not active
2024-06-21 15:22:18,710 - DEBUG - Big5 not active
2024-06-21 15:22:18,710 - DEBUG - EUC-TW not active
2024-06-21 15:22:18,710 - DEBUG - windows-1251 Russian confidence = 0.01
2024-06-21 15:22:18,710 - DEBUG - KOI8-R Russian confidence = 0.01
2024-06-21 15:22:18,710 - DEBUG - ISO-8859-5 Russian confidence = 0.01
2024-06-21 15:22:18,710 - DEBUG - MacCyrillic Russian confidence = 0.0
2024-06-21 15:22:18,710 - DEBUG - IBM866 Russian confidence = 0.0
2024-06-21 15:22:18,710 - DEBUG - IBM855 Russian confidence = 0.01
2024-06-21 15:22:18,710 - DEBUG - ISO-8859-7 Greek confidence = 0.01
2024-06-21 15:22:18,710 - DEBUG - windows-1253 Greek confidence = 0.01
2024-06-21 15:22:18,710 - DEBUG - ISO-8859-5 Bulgarian confidence = 0.01
2024-06-21 15:22:18,710 - DEBUG - windows-1251 Bulgarian confidence = 0.01
2024-06-21 15:22:18,710 - DEBUG - TIS-620 Thai confidence = 0.01
2024-06-21 15:22:18,710 - DEBUG - ISO-8859-9 Turkish confidence = 0.5829203829871805
2024-06-21 15:22:18,710 - DEBUG - windows-1255 Hebrew confidence = 0.0
2024-06-21 15:22:18,710 - DEBUG - windows-1255 Hebrew confidence = 0.01
2024-06-21 15:22:18,710 - DEBUG - windows-1255 Hebrew confidence = 0.01
2024-06-21 15:22:18,710 - ERROR - Error processing file 0021.txt: tuple indices must be integers or slices, not str
2024-06-21 15:22:18,711 - ERROR - Error processing file 0038.txt: tuple indices must be integers or slices, not str
2024-06-21 15:22:18,711 - ERROR - Error processing file 0010.txt: tuple indices must be integers or slices, not str
2024-06-21 15:22:18,712 - ERROR - Error processing file 0074.txt: tuple indices must be integers or slices, not str
2024-06-21 15:22:18,712 - ERROR - Error processing file 0039.txt: tuple indices must be integers or slices, not str
2024-06-21 15:22:18,713 - ERROR - Error processing file 0059.txt: tuple indices must be integers or slices, not str
2024-06-21 15:22:18,715 - DEBUG - EUC-JP Japanese prober hit error at byte 815
2024-06-21 15:22:18,715 - DEBUG - EUC-KR Korean prober hit error at byte 815
2024-06-21 15:22:18,716 - DEBUG - CP949 Korean prober hit error at byte 815
2024-06-21 15:22:18,716 - DEBUG - Big5 Chinese prober hit error at byte 816
2024-06-21 15:22:18,716 - DEBUG - EUC-TW Taiwan prober hit error at byte 815
2024-06-21 15:22:18,718 - DEBUG - utf-8  confidence = 0.505
2024-06-21 15:22:18,718 - DEBUG - SHIFT_JIS Japanese confidence = 0.01
2024-06-21 15:22:18,718 - DEBUG - EUC-JP not active
2024-06-21 15:22:18,718 - DEBUG - GB2312 Chinese confidence = 0.01
2024-06-21 15:22:18,718 - DEBUG - EUC-KR not active
2024-06-21 15:22:18,718 - DEBUG - CP949 not active
2024-06-21 15:22:18,718 - DEBUG - Big5 not active
2024-06-21 15:22:18,718 - DEBUG - EUC-TW not active
2024-06-21 15:22:18,718 - DEBUG - windows-1251 Russian confidence = 0.01
2024-06-21 15:22:18,718 - DEBUG - KOI8-R Russian confidence = 0.01
2024-06-21 15:22:18,718 - DEBUG - ISO-8859-5 Russian confidence = 0.01
2024-06-21 15:22:18,718 - DEBUG - MacCyrillic Russian confidence = 0.0
2024-06-21 15:22:18,718 - DEBUG - IBM866 Russian confidence = 0.0
2024-06-21 15:22:18,718 - DEBUG - IBM855 Russian confidence = 0.01
2024-06-21 15:22:18,718 - DEBUG - ISO-8859-7 Greek confidence = 0.0
2024-06-21 15:22:18,718 - DEBUG - windows-1253 Greek confidence = 0.0
2024-06-21 15:22:18,718 - DEBUG - ISO-8859-5 Bulgarian confidence = 0.01
2024-06-21 15:22:18,718 - DEBUG - windows-1251 Bulgarian confidence = 0.01
2024-06-21 15:22:18,718 - DEBUG - TIS-620 Thai confidence = 0.01
2024-06-21 15:22:18,718 - DEBUG - ISO-8859-9 Turkish confidence = 0.588171721626968
2024-06-21 15:22:18,718 - DEBUG - windows-1255 Hebrew confidence = 0.0
2024-06-21 15:22:18,718 - DEBUG - windows-1255 Hebrew confidence = 0.0
2024-06-21 15:22:18,718 - DEBUG - windows-1255 Hebrew confidence = 0.0
2024-06-21 15:22:18,718 - ERROR - Error processing file 0020.txt: tuple indices must be integers or slices, not str
2024-06-21 15:22:18,719 - ERROR - Error processing file 0030.txt: tuple indices must be integers or slices, not str
2024-06-21 15:22:18,719 - ERROR - Error processing file 0025.txt: tuple indices must be integers or slices, not str
2024-06-21 15:22:18,724 - DEBUG - EUC-JP Japanese prober hit error at byte 378
2024-06-21 15:22:18,725 - DEBUG - EUC-KR Korean prober hit error at byte 378
2024-06-21 15:22:18,725 - DEBUG - CP949 Korean prober hit error at byte 378
2024-06-21 15:22:18,725 - DEBUG - Big5 Chinese prober hit error at byte 379
2024-06-21 15:22:18,725 - DEBUG - EUC-TW Taiwan prober hit error at byte 378
2024-06-21 15:22:18,727 - DEBUG - utf-8  confidence = 0.505
2024-06-21 15:22:18,727 - DEBUG - SHIFT_JIS Japanese confidence = 0.01
2024-06-21 15:22:18,727 - DEBUG - EUC-JP not active
2024-06-21 15:22:18,727 - DEBUG - GB2312 Chinese confidence = 0.01
2024-06-21 15:22:18,727 - DEBUG - EUC-KR not active
2024-06-21 15:22:18,727 - DEBUG - CP949 not active
2024-06-21 15:22:18,727 - DEBUG - Big5 not active
2024-06-21 15:22:18,727 - DEBUG - EUC-TW not active
2024-06-21 15:22:18,727 - DEBUG - windows-1251 Russian confidence = 0.01
2024-06-21 15:22:18,727 - DEBUG - KOI8-R Russian confidence = 0.01
2024-06-21 15:22:18,727 - DEBUG - ISO-8859-5 Russian confidence = 0.01
2024-06-21 15:22:18,727 - DEBUG - MacCyrillic Russian confidence = 0.0
2024-06-21 15:22:18,727 - DEBUG - IBM866 Russian confidence = 0.0
2024-06-21 15:22:18,727 - DEBUG - IBM855 Russian confidence = 0.01
2024-06-21 15:22:18,727 - DEBUG - ISO-8859-7 Greek confidence = 0.0
2024-06-21 15:22:18,727 - DEBUG - windows-1253 Greek confidence = 0.0
2024-06-21 15:22:18,727 - DEBUG - ISO-8859-5 Bulgarian confidence = 0.01
2024-06-21 15:22:18,727 - DEBUG - windows-1251 Bulgarian confidence = 0.01
2024-06-21 15:22:18,727 - DEBUG - TIS-620 Thai confidence = 0.01
2024-06-21 15:22:18,727 - DEBUG - ISO-8859-9 Turkish confidence = 0.590649733196538
2024-06-21 15:22:18,727 - DEBUG - windows-1255 Hebrew confidence = 0.0
2024-06-21 15:22:18,727 - DEBUG - windows-1255 Hebrew confidence = 0.0
2024-06-21 15:22:18,727 - DEBUG - windows-1255 Hebrew confidence = 0.0
2024-06-21 15:22:18,727 - ERROR - Error processing file 0058.txt: tuple indices must be integers or slices, not str
2024-06-21 15:22:18,728 - DEBUG - EUC-JP Japanese prober hit error at byte 473
2024-06-21 15:22:18,728 - DEBUG - EUC-KR Korean prober hit error at byte 473
2024-06-21 15:22:18,729 - DEBUG - CP949 Korean prober hit error at byte 473
2024-06-21 15:22:18,729 - DEBUG - Big5 Chinese prober hit error at byte 474
2024-06-21 15:22:18,729 - DEBUG - EUC-TW Taiwan prober hit error at byte 473
2024-06-21 15:22:18,730 - DEBUG - utf-8  confidence = 0.505
2024-06-21 15:22:18,730 - DEBUG - SHIFT_JIS Japanese confidence = 0.01
2024-06-21 15:22:18,730 - DEBUG - EUC-JP not active
2024-06-21 15:22:18,730 - DEBUG - GB2312 Chinese confidence = 0.01
2024-06-21 15:22:18,730 - DEBUG - EUC-KR not active
2024-06-21 15:22:18,730 - DEBUG - CP949 not active
2024-06-21 15:22:18,730 - DEBUG - Big5 not active
2024-06-21 15:22:18,730 - DEBUG - EUC-TW not active
2024-06-21 15:22:18,730 - DEBUG - windows-1251 Russian confidence = 0.01
2024-06-21 15:22:18,730 - DEBUG - KOI8-R Russian confidence = 0.01
2024-06-21 15:22:18,730 - DEBUG - ISO-8859-5 Russian confidence = 0.01
2024-06-21 15:22:18,730 - DEBUG - MacCyrillic Russian confidence = 0.0
2024-06-21 15:22:18,730 - DEBUG - IBM866 Russian confidence = 0.0
2024-06-21 15:22:18,730 - DEBUG - IBM855 Russian confidence = 0.01
2024-06-21 15:22:18,730 - DEBUG - ISO-8859-7 Greek confidence = 0.01
2024-06-21 15:22:18,730 - DEBUG - windows-1253 Greek confidence = 0.01
2024-06-21 15:22:18,730 - DEBUG - ISO-8859-5 Bulgarian confidence = 0.01
2024-06-21 15:22:18,730 - DEBUG - windows-1251 Bulgarian confidence = 0.01
2024-06-21 15:22:18,730 - DEBUG - TIS-620 Thai confidence = 0.01
2024-06-21 15:22:18,730 - DEBUG - ISO-8859-9 Turkish confidence = 0.6151483545109029
2024-06-21 15:22:18,730 - DEBUG - windows-1255 Hebrew confidence = 0.0
2024-06-21 15:22:18,730 - DEBUG - windows-1255 Hebrew confidence = 0.0
2024-06-21 15:22:18,730 - DEBUG - windows-1255 Hebrew confidence = 0.0
2024-06-21 15:22:18,730 - ERROR - Error processing file 0019.txt: tuple indices must be integers or slices, not str
2024-06-21 15:22:18,730 - ERROR - Error processing file 0042.txt: tuple indices must be integers or slices, not str
2024-06-21 15:22:18,733 - DEBUG - EUC-JP Japanese prober hit error at byte 1533
2024-06-21 15:22:18,734 - DEBUG - EUC-KR Korean prober hit error at byte 1533
2024-06-21 15:22:18,734 - DEBUG - CP949 Korean prober hit error at byte 1533
2024-06-21 15:22:18,735 - DEBUG - Big5 Chinese prober hit error at byte 1534
2024-06-21 15:22:18,735 - DEBUG - EUC-TW Taiwan prober hit error at byte 1533
2024-06-21 15:22:18,737 - DEBUG - utf-8  confidence = 0.505
2024-06-21 15:22:18,737 - DEBUG - SHIFT_JIS Japanese confidence = 0.01
2024-06-21 15:22:18,737 - DEBUG - EUC-JP not active
2024-06-21 15:22:18,737 - DEBUG - GB2312 Chinese confidence = 0.01
2024-06-21 15:22:18,737 - DEBUG - EUC-KR not active
2024-06-21 15:22:18,737 - DEBUG - CP949 not active
2024-06-21 15:22:18,737 - DEBUG - Big5 not active
2024-06-21 15:22:18,737 - DEBUG - EUC-TW not active
2024-06-21 15:22:18,737 - DEBUG - windows-1251 Russian confidence = 0.01
2024-06-21 15:22:18,737 - DEBUG - KOI8-R Russian confidence = 0.01
2024-06-21 15:22:18,737 - DEBUG - ISO-8859-5 Russian confidence = 0.01
2024-06-21 15:22:18,737 - DEBUG - MacCyrillic Russian confidence = 0.0
2024-06-21 15:22:18,737 - DEBUG - IBM866 Russian confidence = 0.0
2024-06-21 15:22:18,737 - DEBUG - IBM855 Russian confidence = 0.01
2024-06-21 15:22:18,737 - DEBUG - ISO-8859-7 Greek confidence = 0.0
2024-06-21 15:22:18,737 - DEBUG - windows-1253 Greek confidence = 0.0
2024-06-21 15:22:18,737 - DEBUG - ISO-8859-5 Bulgarian confidence = 0.01
2024-06-21 15:22:18,737 - DEBUG - windows-1251 Bulgarian confidence = 0.01
2024-06-21 15:22:18,737 - DEBUG - TIS-620 Thai confidence = 0.01
2024-06-21 15:22:18,737 - DEBUG - ISO-8859-9 Turkish confidence = 0.5942097093088146
2024-06-21 15:22:18,737 - DEBUG - windows-1255 Hebrew confidence = 0.0
2024-06-21 15:22:18,737 - DEBUG - windows-1255 Hebrew confidence = 0.0
2024-06-21 15:22:18,738 - DEBUG - windows-1255 Hebrew confidence = 0.0
2024-06-21 15:22:18,738 - ERROR - Error processing file 0060.txt: tuple indices must be integers or slices, not str
2024-06-21 15:22:18,738 - ERROR - Error processing file 0071.txt: tuple indices must be integers or slices, not str
2024-06-21 15:22:18,738 - ERROR - Error processing file 0047.txt: tuple indices must be integers or slices, not str
2024-06-21 15:22:18,739 - ERROR - Error processing file 0034.txt: tuple indices must be integers or slices, not str
2024-06-21 15:31:52,217 - DEBUG - handle_msg[0d7251b9ca114995859f46dde8eac097]({'header': {'date': datetime.datetime(2024, 6, 21, 20, 31, 52, 214000, tzinfo=tzutc()), 'msg_id': '2c15313f-2e9c-4441-bbd9-ecd3ac2cc631', 'msg_type': 'comm_msg', 'session': '4c256438-0aab-42e0-824d-255bdeafcd93', 'username': 'f03c4bed-5e30-4a65-84b1-314431714024', 'version': '5.2'}, 'msg_id': '2c15313f-2e9c-4441-bbd9-ecd3ac2cc631', 'msg_type': 'comm_msg', 'parent_header': {}, 'metadata': {}, 'content': {'comm_id': '0d7251b9ca114995859f46dde8eac097', 'data': {'method': 'update', 'state': {'outputs': [{'output_type': 'display_data', 'data': {'text/plain': '<IPython.core.display.HTML object>', 'text/html': '\n                    <style>\n                        .email-view {\n                            width: 32%;\n                            overflow-wrap: break-word;\n                            white-space: pre-wrap;\n                            text-align: left;\n                            padding: 10px;\n                        }\n                        table {\n                            width: 100%;\n                            table-layout: fixed;\n                            border-collapse: collapse;\n                        }\n                        td {\n                            vertical-align: top;\n                            border: 1px solid #ccc;\n                        }\n                        mark {\n                            background-color: yellow;\n                            font-weight: bold;\n                        }\n                    </style>\n                    <table>\n                        <tr>\n                            <td class="email-view"><b>Original Email (with highlights):</b><br>From:    Jane Doe <jane.doe@example.com>\nSent:    Monday, May 26, 2024 9:15 AM\nTo:      Customer Support <support@businessdomain.com>\nSubject: Inquiry About Product Discounts\n\nHello,\n\nI was trying to navigate through your online portal and noticed several discounts for different products. However, I\'m unsure about how to apply the member-exclusive discounts that are mentioned in the menu section. Could you guide me on how this works?\n\nThanks,\nJane</td>\n                            <td class="email-view"><b>Email Without Unwanted Texts:</b><br>From:    Jane Doe <jane.doe@example.com>\nSent:    Monday, May 26, 2024 9:15 AM\nTo:      Customer Support <support@businessdomain.com>\nSubject: Inquiry About Product Discounts\n\nHello,\n\nI was trying to navigate through your online portal and noticed several discounts for different products. However, I\'m unsure about how to apply the member-exclusive discounts that are mentioned in the menu section. Could you guide me on how this works?\n\nThanks,\nJane</td>\n                            <td class="email-view"><b>Processed Email:</b><br>from jane doe sent monday may am to customer support support subject inquiry about product discounts hello trying navigate online portal noticed several discount different product however unsure apply discount mentioned menu section could guide work thanks jane</td>\n                        </tr>\n                    </table>\n                    '}, 'metadata': {}}]}, 'buffer_paths': []}}, 'buffers': []})
2024-06-21 15:31:52,244 - DEBUG - EUC-JP Japanese prober hit error at byte 1185
2024-06-21 15:31:52,245 - DEBUG - EUC-KR Korean prober hit error at byte 1185
2024-06-21 15:31:52,246 - DEBUG - CP949 Korean prober hit error at byte 1185
2024-06-21 15:31:52,246 - DEBUG - Big5 Chinese prober hit error at byte 1186
2024-06-21 15:31:52,247 - DEBUG - EUC-TW Taiwan prober hit error at byte 1185
2024-06-21 15:31:52,248 - DEBUG - utf-8  confidence = 0.7525
2024-06-21 15:31:52,248 - DEBUG - SHIFT_JIS Japanese confidence = 0.01
2024-06-21 15:31:52,248 - DEBUG - EUC-JP not active
2024-06-21 15:31:52,248 - DEBUG - GB2312 Chinese confidence = 0.01
2024-06-21 15:31:52,248 - DEBUG - EUC-KR not active
2024-06-21 15:31:52,249 - DEBUG - CP949 not active
2024-06-21 15:31:52,249 - DEBUG - Big5 not active
2024-06-21 15:31:52,249 - DEBUG - EUC-TW not active
2024-06-21 15:31:52,249 - DEBUG - windows-1251 Russian confidence = 0.01
2024-06-21 15:31:52,249 - DEBUG - KOI8-R Russian confidence = 0.01
2024-06-21 15:31:52,249 - DEBUG - ISO-8859-5 Russian confidence = 0.01
2024-06-21 15:31:52,249 - DEBUG - MacCyrillic Russian confidence = 0.0
2024-06-21 15:31:52,249 - DEBUG - IBM866 Russian confidence = 0.0
2024-06-21 15:31:52,249 - DEBUG - IBM855 Russian confidence = 0.01
2024-06-21 15:31:52,249 - DEBUG - ISO-8859-7 Greek confidence = 0.01
2024-06-21 15:31:52,249 - DEBUG - windows-1253 Greek confidence = 0.01
2024-06-21 15:31:52,249 - DEBUG - ISO-8859-5 Bulgarian confidence = 0.01
2024-06-21 15:31:52,249 - DEBUG - windows-1251 Bulgarian confidence = 0.01
2024-06-21 15:31:52,249 - DEBUG - TIS-620 Thai confidence = 0.01
2024-06-21 15:31:52,249 - DEBUG - ISO-8859-9 Turkish confidence = 0.5321550136386491
2024-06-21 15:31:52,249 - DEBUG - windows-1255 Hebrew confidence = 0.0
2024-06-21 15:31:52,249 - DEBUG - windows-1255 Hebrew confidence = 0.0
2024-06-21 15:31:52,249 - DEBUG - windows-1255 Hebrew confidence = 0.0
2024-06-21 15:31:52,249 - DEBUG - utf-8  confidence = 0.7525
2024-06-21 15:31:52,249 - DEBUG - SHIFT_JIS Japanese confidence = 0.01
2024-06-21 15:31:52,249 - DEBUG - EUC-JP not active
2024-06-21 15:31:52,249 - DEBUG - GB2312 Chinese confidence = 0.01
2024-06-21 15:31:52,249 - DEBUG - EUC-KR not active
2024-06-21 15:31:52,249 - DEBUG - CP949 not active
2024-06-21 15:31:52,249 - DEBUG - Big5 not active
2024-06-21 15:31:52,249 - DEBUG - EUC-TW not active
2024-06-21 15:31:52,262 - DEBUG - EUC-JP Japanese prober hit error at byte 378
2024-06-21 15:31:52,262 - DEBUG - EUC-KR Korean prober hit error at byte 378
2024-06-21 15:31:52,263 - DEBUG - CP949 Korean prober hit error at byte 378
2024-06-21 15:31:52,263 - DEBUG - Big5 Chinese prober hit error at byte 379
2024-06-21 15:31:52,263 - DEBUG - EUC-TW Taiwan prober hit error at byte 378
2024-06-21 15:31:52,265 - DEBUG - utf-8  confidence = 0.505
2024-06-21 15:31:52,265 - DEBUG - SHIFT_JIS Japanese confidence = 0.01
2024-06-21 15:31:52,265 - DEBUG - EUC-JP not active
2024-06-21 15:31:52,265 - DEBUG - GB2312 Chinese confidence = 0.01
2024-06-21 15:31:52,265 - DEBUG - EUC-KR not active
2024-06-21 15:31:52,265 - DEBUG - CP949 not active
2024-06-21 15:31:52,265 - DEBUG - Big5 not active
2024-06-21 15:31:52,265 - DEBUG - EUC-TW not active
2024-06-21 15:31:52,265 - DEBUG - windows-1251 Russian confidence = 0.01
2024-06-21 15:31:52,265 - DEBUG - KOI8-R Russian confidence = 0.01
2024-06-21 15:31:52,265 - DEBUG - ISO-8859-5 Russian confidence = 0.01
2024-06-21 15:31:52,265 - DEBUG - MacCyrillic Russian confidence = 0.0
2024-06-21 15:31:52,265 - DEBUG - IBM866 Russian confidence = 0.0
2024-06-21 15:31:52,265 - DEBUG - IBM855 Russian confidence = 0.01
2024-06-21 15:31:52,265 - DEBUG - ISO-8859-7 Greek confidence = 0.0
2024-06-21 15:31:52,265 - DEBUG - windows-1253 Greek confidence = 0.0
2024-06-21 15:31:52,265 - DEBUG - ISO-8859-5 Bulgarian confidence = 0.01
2024-06-21 15:31:52,265 - DEBUG - windows-1251 Bulgarian confidence = 0.01
2024-06-21 15:31:52,265 - DEBUG - TIS-620 Thai confidence = 0.01
2024-06-21 15:31:52,265 - DEBUG - ISO-8859-9 Turkish confidence = 0.5842903017423253
2024-06-21 15:31:52,265 - DEBUG - windows-1255 Hebrew confidence = 0.0
2024-06-21 15:31:52,266 - DEBUG - windows-1255 Hebrew confidence = 0.0
2024-06-21 15:31:52,266 - DEBUG - windows-1255 Hebrew confidence = 0.0
2024-06-21 15:31:52,286 - DEBUG - EUC-JP Japanese prober hit error at byte 795
2024-06-21 15:31:52,287 - DEBUG - EUC-KR Korean prober hit error at byte 795
2024-06-21 15:31:52,287 - DEBUG - CP949 Korean prober hit error at byte 795
2024-06-21 15:31:52,287 - DEBUG - Big5 Chinese prober hit error at byte 796
2024-06-21 15:31:52,287 - DEBUG - EUC-TW Taiwan prober hit error at byte 795
2024-06-21 15:31:52,289 - DEBUG - utf-8  confidence = 0.505
2024-06-21 15:31:52,289 - DEBUG - SHIFT_JIS Japanese confidence = 0.01
2024-06-21 15:31:52,289 - DEBUG - EUC-JP not active
2024-06-21 15:31:52,289 - DEBUG - GB2312 Chinese confidence = 0.01
2024-06-21 15:31:52,289 - DEBUG - EUC-KR not active
2024-06-21 15:31:52,289 - DEBUG - CP949 not active
2024-06-21 15:31:52,289 - DEBUG - Big5 not active
2024-06-21 15:31:52,289 - DEBUG - EUC-TW not active
2024-06-21 15:31:52,289 - DEBUG - windows-1251 Russian confidence = 0.01
2024-06-21 15:31:52,289 - DEBUG - KOI8-R Russian confidence = 0.01
2024-06-21 15:31:52,289 - DEBUG - ISO-8859-5 Russian confidence = 0.01
2024-06-21 15:31:52,289 - DEBUG - MacCyrillic Russian confidence = 0.0
2024-06-21 15:31:52,289 - DEBUG - IBM866 Russian confidence = 0.0
2024-06-21 15:31:52,289 - DEBUG - IBM855 Russian confidence = 0.01
2024-06-21 15:31:52,289 - DEBUG - ISO-8859-7 Greek confidence = 0.01
2024-06-21 15:31:52,289 - DEBUG - windows-1253 Greek confidence = 0.01
2024-06-21 15:31:52,289 - DEBUG - ISO-8859-5 Bulgarian confidence = 0.01
2024-06-21 15:31:52,289 - DEBUG - windows-1251 Bulgarian confidence = 0.01
2024-06-21 15:31:52,289 - DEBUG - TIS-620 Thai confidence = 0.01
2024-06-21 15:31:52,289 - DEBUG - ISO-8859-9 Turkish confidence = 0.5561759341728019
2024-06-21 15:31:52,289 - DEBUG - windows-1255 Hebrew confidence = 0.0
2024-06-21 15:31:52,289 - DEBUG - windows-1255 Hebrew confidence = 0.01
2024-06-21 15:31:52,289 - DEBUG - windows-1255 Hebrew confidence = 0.01
2024-06-21 15:31:52,293 - DEBUG - EUC-JP Japanese prober hit error at byte 1131
2024-06-21 15:31:52,293 - DEBUG - EUC-KR Korean prober hit error at byte 1131
2024-06-21 15:31:52,294 - DEBUG - CP949 Korean prober hit error at byte 1131
2024-06-21 15:31:52,294 - DEBUG - Big5 Chinese prober hit error at byte 1132
2024-06-21 15:31:52,294 - DEBUG - EUC-TW Taiwan prober hit error at byte 1131
2024-06-21 15:31:52,296 - DEBUG - utf-8  confidence = 0.505
2024-06-21 15:31:52,296 - DEBUG - SHIFT_JIS Japanese confidence = 0.01
2024-06-21 15:31:52,296 - DEBUG - EUC-JP not active
2024-06-21 15:31:52,296 - DEBUG - GB2312 Chinese confidence = 0.01
2024-06-21 15:31:52,296 - DEBUG - EUC-KR not active
2024-06-21 15:31:52,296 - DEBUG - CP949 not active
2024-06-21 15:31:52,296 - DEBUG - Big5 not active
2024-06-21 15:31:52,296 - DEBUG - EUC-TW not active
2024-06-21 15:31:52,296 - DEBUG - windows-1251 Russian confidence = 0.01
2024-06-21 15:31:52,296 - DEBUG - KOI8-R Russian confidence = 0.01
2024-06-21 15:31:52,296 - DEBUG - ISO-8859-5 Russian confidence = 0.01
2024-06-21 15:31:52,296 - DEBUG - MacCyrillic Russian confidence = 0.0
2024-06-21 15:31:52,296 - DEBUG - IBM866 Russian confidence = 0.0
2024-06-21 15:31:52,296 - DEBUG - IBM855 Russian confidence = 0.01
2024-06-21 15:31:52,296 - DEBUG - ISO-8859-7 Greek confidence = 0.01
2024-06-21 15:31:52,296 - DEBUG - windows-1253 Greek confidence = 0.01
2024-06-21 15:31:52,296 - DEBUG - ISO-8859-5 Bulgarian confidence = 0.01
2024-06-21 15:31:52,296 - DEBUG - windows-1251 Bulgarian confidence = 0.01
2024-06-21 15:31:52,296 - DEBUG - TIS-620 Thai confidence = 0.01
2024-06-21 15:31:52,296 - DEBUG - ISO-8859-9 Turkish confidence = 0.5828805087698193
2024-06-21 15:31:52,296 - DEBUG - windows-1255 Hebrew confidence = 0.0
2024-06-21 15:31:52,296 - DEBUG - windows-1255 Hebrew confidence = 0.0
2024-06-21 15:31:52,296 - DEBUG - windows-1255 Hebrew confidence = 0.0
2024-06-21 15:31:52,301 - DEBUG - EUC-JP Japanese prober hit error at byte 814
2024-06-21 15:31:52,301 - DEBUG - EUC-KR Korean prober hit error at byte 814
2024-06-21 15:31:52,302 - DEBUG - CP949 Korean prober hit error at byte 814
2024-06-21 15:31:52,302 - DEBUG - Big5 Chinese prober hit error at byte 815
2024-06-21 15:31:52,303 - DEBUG - EUC-TW Taiwan prober hit error at byte 814
2024-06-21 15:31:52,304 - DEBUG - utf-8  confidence = 0.505
2024-06-21 15:31:52,304 - DEBUG - SHIFT_JIS Japanese confidence = 0.01
2024-06-21 15:31:52,304 - DEBUG - EUC-JP not active
2024-06-21 15:31:52,304 - DEBUG - GB2312 Chinese confidence = 0.01
2024-06-21 15:31:52,304 - DEBUG - EUC-KR not active
2024-06-21 15:31:52,304 - DEBUG - CP949 not active
2024-06-21 15:31:52,304 - DEBUG - Big5 not active
2024-06-21 15:31:52,304 - DEBUG - EUC-TW not active
2024-06-21 15:31:52,304 - DEBUG - windows-1251 Russian confidence = 0.01
2024-06-21 15:31:52,304 - DEBUG - KOI8-R Russian confidence = 0.01
2024-06-21 15:31:52,304 - DEBUG - ISO-8859-5 Russian confidence = 0.01
2024-06-21 15:31:52,304 - DEBUG - MacCyrillic Russian confidence = 0.0
2024-06-21 15:31:52,304 - DEBUG - IBM866 Russian confidence = 0.0
2024-06-21 15:31:52,304 - DEBUG - IBM855 Russian confidence = 0.01
2024-06-21 15:31:52,304 - DEBUG - ISO-8859-7 Greek confidence = 0.01
2024-06-21 15:31:52,304 - DEBUG - windows-1253 Greek confidence = 0.01
2024-06-21 15:31:52,304 - DEBUG - ISO-8859-5 Bulgarian confidence = 0.01
2024-06-21 15:31:52,304 - DEBUG - windows-1251 Bulgarian confidence = 0.01
2024-06-21 15:31:52,304 - DEBUG - TIS-620 Thai confidence = 0.01
2024-06-21 15:31:52,304 - DEBUG - ISO-8859-9 Turkish confidence = 0.6145511464273541
2024-06-21 15:31:52,304 - DEBUG - windows-1255 Hebrew confidence = 0.0
2024-06-21 15:31:52,304 - DEBUG - windows-1255 Hebrew confidence = 0.0
2024-06-21 15:31:52,304 - DEBUG - windows-1255 Hebrew confidence = 0.0
2024-06-21 15:31:52,307 - DEBUG - EUC-JP Japanese prober hit error at byte 351
2024-06-21 15:31:52,307 - DEBUG - EUC-KR Korean prober hit error at byte 351
2024-06-21 15:31:52,307 - DEBUG - CP949 Korean prober hit error at byte 351
2024-06-21 15:31:52,307 - DEBUG - Big5 Chinese prober hit error at byte 352
2024-06-21 15:31:52,307 - DEBUG - EUC-TW Taiwan prober hit error at byte 351
2024-06-21 15:31:52,309 - DEBUG - utf-8  confidence = 0.87625
2024-06-21 15:31:52,309 - DEBUG - SHIFT_JIS Japanese confidence = 0.01
2024-06-21 15:31:52,309 - DEBUG - EUC-JP not active
2024-06-21 15:31:52,309 - DEBUG - GB2312 Chinese confidence = 0.01
2024-06-21 15:31:52,309 - DEBUG - EUC-KR not active
2024-06-21 15:31:52,309 - DEBUG - CP949 not active
2024-06-21 15:31:52,309 - DEBUG - Big5 not active
2024-06-21 15:31:52,309 - DEBUG - EUC-TW not active
2024-06-21 15:31:52,309 - DEBUG - windows-1251 Russian confidence = 0.01
2024-06-21 15:31:52,309 - DEBUG - KOI8-R Russian confidence = 0.01
2024-06-21 15:31:52,309 - DEBUG - ISO-8859-5 Russian confidence = 0.01
2024-06-21 15:31:52,309 - DEBUG - MacCyrillic Russian confidence = 0.0
2024-06-21 15:31:52,309 - DEBUG - IBM866 Russian confidence = 0.0
2024-06-21 15:31:52,309 - DEBUG - IBM855 Russian confidence = 0.01
2024-06-21 15:31:52,309 - DEBUG - ISO-8859-7 Greek confidence = 0.0
2024-06-21 15:31:52,309 - DEBUG - windows-1253 Greek confidence = 0.0
2024-06-21 15:31:52,309 - DEBUG - ISO-8859-5 Bulgarian confidence = 0.01
2024-06-21 15:31:52,309 - DEBUG - windows-1251 Bulgarian confidence = 0.01
2024-06-21 15:31:52,309 - DEBUG - TIS-620 Thai confidence = 0.01
2024-06-21 15:31:52,309 - DEBUG - ISO-8859-9 Turkish confidence = 0.5773831980375089
2024-06-21 15:31:52,309 - DEBUG - windows-1255 Hebrew confidence = 0.0
2024-06-21 15:31:52,309 - DEBUG - windows-1255 Hebrew confidence = 0.0
2024-06-21 15:31:52,309 - DEBUG - windows-1255 Hebrew confidence = 0.0
2024-06-21 15:31:52,309 - DEBUG - utf-8  confidence = 0.87625
2024-06-21 15:31:52,309 - DEBUG - SHIFT_JIS Japanese confidence = 0.01
2024-06-21 15:31:52,309 - DEBUG - EUC-JP not active
2024-06-21 15:31:52,309 - DEBUG - GB2312 Chinese confidence = 0.01
2024-06-21 15:31:52,309 - DEBUG - EUC-KR not active
2024-06-21 15:31:52,309 - DEBUG - CP949 not active
2024-06-21 15:31:52,309 - DEBUG - Big5 not active
2024-06-21 15:31:52,309 - DEBUG - EUC-TW not active
2024-06-21 15:31:52,316 - DEBUG - EUC-JP Japanese prober hit error at byte 1533
2024-06-21 15:31:52,317 - DEBUG - EUC-KR Korean prober hit error at byte 1533
2024-06-21 15:31:52,318 - DEBUG - CP949 Korean prober hit error at byte 1533
2024-06-21 15:31:52,318 - DEBUG - Big5 Chinese prober hit error at byte 1534
2024-06-21 15:31:52,318 - DEBUG - EUC-TW Taiwan prober hit error at byte 1533
2024-06-21 15:31:52,321 - DEBUG - utf-8  confidence = 0.505
2024-06-21 15:31:52,321 - DEBUG - SHIFT_JIS Japanese confidence = 0.01
2024-06-21 15:31:52,321 - DEBUG - EUC-JP not active
2024-06-21 15:31:52,321 - DEBUG - GB2312 Chinese confidence = 0.01
2024-06-21 15:31:52,321 - DEBUG - EUC-KR not active
2024-06-21 15:31:52,321 - DEBUG - CP949 not active
2024-06-21 15:31:52,321 - DEBUG - Big5 not active
2024-06-21 15:31:52,321 - DEBUG - EUC-TW not active
2024-06-21 15:31:52,321 - DEBUG - windows-1251 Russian confidence = 0.01
2024-06-21 15:31:52,321 - DEBUG - KOI8-R Russian confidence = 0.01
2024-06-21 15:31:52,321 - DEBUG - ISO-8859-5 Russian confidence = 0.01
2024-06-21 15:31:52,321 - DEBUG - MacCyrillic Russian confidence = 0.0
2024-06-21 15:31:52,321 - DEBUG - IBM866 Russian confidence = 0.0
2024-06-21 15:31:52,321 - DEBUG - IBM855 Russian confidence = 0.01
2024-06-21 15:31:52,321 - DEBUG - ISO-8859-7 Greek confidence = 0.0
2024-06-21 15:31:52,321 - DEBUG - windows-1253 Greek confidence = 0.0
2024-06-21 15:31:52,321 - DEBUG - ISO-8859-5 Bulgarian confidence = 0.01
2024-06-21 15:31:52,321 - DEBUG - windows-1251 Bulgarian confidence = 0.01
2024-06-21 15:31:52,321 - DEBUG - TIS-620 Thai confidence = 0.01
2024-06-21 15:31:52,321 - DEBUG - ISO-8859-9 Turkish confidence = 0.5921610046837212
2024-06-21 15:31:52,321 - DEBUG - windows-1255 Hebrew confidence = 0.0
2024-06-21 15:31:52,321 - DEBUG - windows-1255 Hebrew confidence = 0.0
2024-06-21 15:31:52,321 - DEBUG - windows-1255 Hebrew confidence = 0.0
2024-06-21 15:31:52,323 - DEBUG - EUC-JP Japanese prober hit error at byte 426
2024-06-21 15:31:52,323 - DEBUG - EUC-KR Korean prober hit error at byte 426
2024-06-21 15:31:52,323 - DEBUG - CP949 Korean prober hit error at byte 426
2024-06-21 15:31:52,323 - DEBUG - Big5 Chinese prober hit error at byte 427
2024-06-21 15:31:52,323 - DEBUG - EUC-TW Taiwan prober hit error at byte 426
2024-06-21 15:31:52,324 - DEBUG - utf-8  confidence = 0.505
2024-06-21 15:31:52,324 - DEBUG - SHIFT_JIS Japanese confidence = 0.01
2024-06-21 15:31:52,324 - DEBUG - EUC-JP not active
2024-06-21 15:31:52,324 - DEBUG - GB2312 Chinese confidence = 0.01
2024-06-21 15:31:52,324 - DEBUG - EUC-KR not active
2024-06-21 15:31:52,324 - DEBUG - CP949 not active
2024-06-21 15:31:52,324 - DEBUG - Big5 not active
2024-06-21 15:31:52,324 - DEBUG - EUC-TW not active
2024-06-21 15:31:52,324 - DEBUG - windows-1251 Russian confidence = 0.01
2024-06-21 15:31:52,324 - DEBUG - KOI8-R Russian confidence = 0.01
2024-06-21 15:31:52,324 - DEBUG - ISO-8859-5 Russian confidence = 0.01
2024-06-21 15:31:52,324 - DEBUG - MacCyrillic Russian confidence = 0.0
2024-06-21 15:31:52,324 - DEBUG - IBM866 Russian confidence = 0.0
2024-06-21 15:31:52,324 - DEBUG - IBM855 Russian confidence = 0.01
2024-06-21 15:31:52,324 - DEBUG - ISO-8859-7 Greek confidence = 0.0
2024-06-21 15:31:52,324 - DEBUG - windows-1253 Greek confidence = 0.0
2024-06-21 15:31:52,324 - DEBUG - ISO-8859-5 Bulgarian confidence = 0.01
2024-06-21 15:31:52,324 - DEBUG - windows-1251 Bulgarian confidence = 0.01
2024-06-21 15:31:52,324 - DEBUG - TIS-620 Thai confidence = 0.01
2024-06-21 15:31:52,324 - DEBUG - ISO-8859-9 Turkish confidence = 0.5296677583315623
2024-06-21 15:31:52,324 - DEBUG - windows-1255 Hebrew confidence = 0.0
2024-06-21 15:31:52,324 - DEBUG - windows-1255 Hebrew confidence = 0.0
2024-06-21 15:31:52,324 - DEBUG - windows-1255 Hebrew confidence = 0.0
2024-06-21 15:31:52,328 - DEBUG - EUC-JP Japanese prober hit error at byte 1509
2024-06-21 15:31:52,329 - DEBUG - EUC-KR Korean prober hit error at byte 1509
2024-06-21 15:31:52,330 - DEBUG - CP949 Korean prober hit error at byte 1509
2024-06-21 15:31:52,330 - DEBUG - Big5 Chinese prober hit error at byte 1510
2024-06-21 15:31:52,331 - DEBUG - EUC-TW Taiwan prober hit error at byte 1509
2024-06-21 15:31:52,333 - DEBUG - utf-8  confidence = 0.505
2024-06-21 15:31:52,333 - DEBUG - SHIFT_JIS Japanese confidence = 0.01
2024-06-21 15:31:52,333 - DEBUG - EUC-JP not active
2024-06-21 15:31:52,333 - DEBUG - GB2312 Chinese confidence = 0.01
2024-06-21 15:31:52,333 - DEBUG - EUC-KR not active
2024-06-21 15:31:52,333 - DEBUG - CP949 not active
2024-06-21 15:31:52,333 - DEBUG - Big5 not active
2024-06-21 15:31:52,333 - DEBUG - EUC-TW not active
2024-06-21 15:31:52,333 - DEBUG - windows-1251 Russian confidence = 0.01
2024-06-21 15:31:52,333 - DEBUG - KOI8-R Russian confidence = 0.01
2024-06-21 15:31:52,333 - DEBUG - ISO-8859-5 Russian confidence = 0.01
2024-06-21 15:31:52,333 - DEBUG - MacCyrillic Russian confidence = 0.0
2024-06-21 15:31:52,333 - DEBUG - IBM866 Russian confidence = 0.0
2024-06-21 15:31:52,333 - DEBUG - IBM855 Russian confidence = 0.01
2024-06-21 15:31:52,333 - DEBUG - ISO-8859-7 Greek confidence = 0.01
2024-06-21 15:31:52,333 - DEBUG - windows-1253 Greek confidence = 0.01
2024-06-21 15:31:52,333 - DEBUG - ISO-8859-5 Bulgarian confidence = 0.01
2024-06-21 15:31:52,333 - DEBUG - windows-1251 Bulgarian confidence = 0.01
2024-06-21 15:31:52,333 - DEBUG - TIS-620 Thai confidence = 0.01
2024-06-21 15:31:52,333 - DEBUG - ISO-8859-9 Turkish confidence = 0.5829203829871805
2024-06-21 15:31:52,333 - DEBUG - windows-1255 Hebrew confidence = 0.0
2024-06-21 15:31:52,333 - DEBUG - windows-1255 Hebrew confidence = 0.01
2024-06-21 15:31:52,333 - DEBUG - windows-1255 Hebrew confidence = 0.01
2024-06-21 15:31:52,338 - DEBUG - EUC-JP Japanese prober hit error at byte 815
2024-06-21 15:31:52,339 - DEBUG - EUC-KR Korean prober hit error at byte 815
2024-06-21 15:31:52,339 - DEBUG - CP949 Korean prober hit error at byte 815
2024-06-21 15:31:52,339 - DEBUG - Big5 Chinese prober hit error at byte 816
2024-06-21 15:31:52,339 - DEBUG - EUC-TW Taiwan prober hit error at byte 815
2024-06-21 15:31:52,341 - DEBUG - utf-8  confidence = 0.505
2024-06-21 15:31:52,341 - DEBUG - SHIFT_JIS Japanese confidence = 0.01
2024-06-21 15:31:52,341 - DEBUG - EUC-JP not active
2024-06-21 15:31:52,341 - DEBUG - GB2312 Chinese confidence = 0.01
2024-06-21 15:31:52,341 - DEBUG - EUC-KR not active
2024-06-21 15:31:52,341 - DEBUG - CP949 not active
2024-06-21 15:31:52,341 - DEBUG - Big5 not active
2024-06-21 15:31:52,341 - DEBUG - EUC-TW not active
2024-06-21 15:31:52,341 - DEBUG - windows-1251 Russian confidence = 0.01
2024-06-21 15:31:52,341 - DEBUG - KOI8-R Russian confidence = 0.01
2024-06-21 15:31:52,341 - DEBUG - ISO-8859-5 Russian confidence = 0.01
2024-06-21 15:31:52,341 - DEBUG - MacCyrillic Russian confidence = 0.0
2024-06-21 15:31:52,341 - DEBUG - IBM866 Russian confidence = 0.0
2024-06-21 15:31:52,341 - DEBUG - IBM855 Russian confidence = 0.01
2024-06-21 15:31:52,341 - DEBUG - ISO-8859-7 Greek confidence = 0.0
2024-06-21 15:31:52,341 - DEBUG - windows-1253 Greek confidence = 0.0
2024-06-21 15:31:52,341 - DEBUG - ISO-8859-5 Bulgarian confidence = 0.01
2024-06-21 15:31:52,342 - DEBUG - windows-1251 Bulgarian confidence = 0.01
2024-06-21 15:31:52,342 - DEBUG - TIS-620 Thai confidence = 0.01
2024-06-21 15:31:52,342 - DEBUG - ISO-8859-9 Turkish confidence = 0.588171721626968
2024-06-21 15:31:52,342 - DEBUG - windows-1255 Hebrew confidence = 0.0
2024-06-21 15:31:52,342 - DEBUG - windows-1255 Hebrew confidence = 0.0
2024-06-21 15:31:52,342 - DEBUG - windows-1255 Hebrew confidence = 0.0
2024-06-21 15:31:52,347 - DEBUG - EUC-JP Japanese prober hit error at byte 378
2024-06-21 15:31:52,347 - DEBUG - EUC-KR Korean prober hit error at byte 378
2024-06-21 15:31:52,347 - DEBUG - CP949 Korean prober hit error at byte 378
2024-06-21 15:31:52,348 - DEBUG - Big5 Chinese prober hit error at byte 379
2024-06-21 15:31:52,348 - DEBUG - EUC-TW Taiwan prober hit error at byte 378
2024-06-21 15:31:52,350 - DEBUG - utf-8  confidence = 0.505
2024-06-21 15:31:52,350 - DEBUG - SHIFT_JIS Japanese confidence = 0.01
2024-06-21 15:31:52,350 - DEBUG - EUC-JP not active
2024-06-21 15:31:52,350 - DEBUG - GB2312 Chinese confidence = 0.01
2024-06-21 15:31:52,350 - DEBUG - EUC-KR not active
2024-06-21 15:31:52,350 - DEBUG - CP949 not active
2024-06-21 15:31:52,350 - DEBUG - Big5 not active
2024-06-21 15:31:52,350 - DEBUG - EUC-TW not active
2024-06-21 15:31:52,350 - DEBUG - windows-1251 Russian confidence = 0.01
2024-06-21 15:31:52,350 - DEBUG - KOI8-R Russian confidence = 0.01
2024-06-21 15:31:52,350 - DEBUG - ISO-8859-5 Russian confidence = 0.01
2024-06-21 15:31:52,350 - DEBUG - MacCyrillic Russian confidence = 0.0
2024-06-21 15:31:52,350 - DEBUG - IBM866 Russian confidence = 0.0
2024-06-21 15:31:52,350 - DEBUG - IBM855 Russian confidence = 0.01
2024-06-21 15:31:52,350 - DEBUG - ISO-8859-7 Greek confidence = 0.0
2024-06-21 15:31:52,350 - DEBUG - windows-1253 Greek confidence = 0.0
2024-06-21 15:31:52,350 - DEBUG - ISO-8859-5 Bulgarian confidence = 0.01
2024-06-21 15:31:52,350 - DEBUG - windows-1251 Bulgarian confidence = 0.01
2024-06-21 15:31:52,350 - DEBUG - TIS-620 Thai confidence = 0.01
2024-06-21 15:31:52,350 - DEBUG - ISO-8859-9 Turkish confidence = 0.590649733196538
2024-06-21 15:31:52,350 - DEBUG - windows-1255 Hebrew confidence = 0.0
2024-06-21 15:31:52,350 - DEBUG - windows-1255 Hebrew confidence = 0.0
2024-06-21 15:31:52,350 - DEBUG - windows-1255 Hebrew confidence = 0.0
2024-06-21 15:31:52,353 - DEBUG - EUC-JP Japanese prober hit error at byte 473
2024-06-21 15:31:52,353 - DEBUG - EUC-KR Korean prober hit error at byte 473
2024-06-21 15:31:52,353 - DEBUG - CP949 Korean prober hit error at byte 473
2024-06-21 15:31:52,353 - DEBUG - Big5 Chinese prober hit error at byte 474
2024-06-21 15:31:52,354 - DEBUG - EUC-TW Taiwan prober hit error at byte 473
2024-06-21 15:31:52,354 - DEBUG - utf-8  confidence = 0.505
2024-06-21 15:31:52,355 - DEBUG - SHIFT_JIS Japanese confidence = 0.01
2024-06-21 15:31:52,355 - DEBUG - EUC-JP not active
2024-06-21 15:31:52,355 - DEBUG - GB2312 Chinese confidence = 0.01
2024-06-21 15:31:52,355 - DEBUG - EUC-KR not active
2024-06-21 15:31:52,355 - DEBUG - CP949 not active
2024-06-21 15:31:52,355 - DEBUG - Big5 not active
2024-06-21 15:31:52,355 - DEBUG - EUC-TW not active
2024-06-21 15:31:52,355 - DEBUG - windows-1251 Russian confidence = 0.01
2024-06-21 15:31:52,355 - DEBUG - KOI8-R Russian confidence = 0.01
2024-06-21 15:31:52,355 - DEBUG - ISO-8859-5 Russian confidence = 0.01
2024-06-21 15:31:52,355 - DEBUG - MacCyrillic Russian confidence = 0.0
2024-06-21 15:31:52,355 - DEBUG - IBM866 Russian confidence = 0.0
2024-06-21 15:31:52,355 - DEBUG - IBM855 Russian confidence = 0.01
2024-06-21 15:31:52,355 - DEBUG - ISO-8859-7 Greek confidence = 0.01
2024-06-21 15:31:52,355 - DEBUG - windows-1253 Greek confidence = 0.01
2024-06-21 15:31:52,355 - DEBUG - ISO-8859-5 Bulgarian confidence = 0.01
2024-06-21 15:31:52,355 - DEBUG - windows-1251 Bulgarian confidence = 0.01
2024-06-21 15:31:52,355 - DEBUG - TIS-620 Thai confidence = 0.01
2024-06-21 15:31:52,355 - DEBUG - ISO-8859-9 Turkish confidence = 0.6151483545109029
2024-06-21 15:31:52,355 - DEBUG - windows-1255 Hebrew confidence = 0.0
2024-06-21 15:31:52,355 - DEBUG - windows-1255 Hebrew confidence = 0.0
2024-06-21 15:31:52,355 - DEBUG - windows-1255 Hebrew confidence = 0.0
2024-06-21 15:31:52,359 - DEBUG - EUC-JP Japanese prober hit error at byte 1533
2024-06-21 15:31:52,360 - DEBUG - EUC-KR Korean prober hit error at byte 1533
2024-06-21 15:31:52,360 - DEBUG - CP949 Korean prober hit error at byte 1533
2024-06-21 15:31:52,360 - DEBUG - Big5 Chinese prober hit error at byte 1534
2024-06-21 15:31:52,361 - DEBUG - EUC-TW Taiwan prober hit error at byte 1533
2024-06-21 15:31:52,363 - DEBUG - utf-8  confidence = 0.505
2024-06-21 15:31:52,363 - DEBUG - SHIFT_JIS Japanese confidence = 0.01
2024-06-21 15:31:52,363 - DEBUG - EUC-JP not active
2024-06-21 15:31:52,363 - DEBUG - GB2312 Chinese confidence = 0.01
2024-06-21 15:31:52,363 - DEBUG - EUC-KR not active
2024-06-21 15:31:52,363 - DEBUG - CP949 not active
2024-06-21 15:31:52,363 - DEBUG - Big5 not active
2024-06-21 15:31:52,363 - DEBUG - EUC-TW not active
2024-06-21 15:31:52,363 - DEBUG - windows-1251 Russian confidence = 0.01
2024-06-21 15:31:52,363 - DEBUG - KOI8-R Russian confidence = 0.01
2024-06-21 15:31:52,363 - DEBUG - ISO-8859-5 Russian confidence = 0.01
2024-06-21 15:31:52,363 - DEBUG - MacCyrillic Russian confidence = 0.0
2024-06-21 15:31:52,363 - DEBUG - IBM866 Russian confidence = 0.0
2024-06-21 15:31:52,363 - DEBUG - IBM855 Russian confidence = 0.01
2024-06-21 15:31:52,363 - DEBUG - ISO-8859-7 Greek confidence = 0.0
2024-06-21 15:31:52,363 - DEBUG - windows-1253 Greek confidence = 0.0
2024-06-21 15:31:52,363 - DEBUG - ISO-8859-5 Bulgarian confidence = 0.01
2024-06-21 15:31:52,363 - DEBUG - windows-1251 Bulgarian confidence = 0.01
2024-06-21 15:31:52,363 - DEBUG - TIS-620 Thai confidence = 0.01
2024-06-21 15:31:52,363 - DEBUG - ISO-8859-9 Turkish confidence = 0.5942097093088146
2024-06-21 15:31:52,363 - DEBUG - windows-1255 Hebrew confidence = 0.0
2024-06-21 15:31:52,363 - DEBUG - windows-1255 Hebrew confidence = 0.0
2024-06-21 15:31:52,363 - DEBUG - windows-1255 Hebrew confidence = 0.0
2024-06-21 15:31:52,390 - ERROR - Error processing file 0005.txt: cannot access local variable 'file_path' where it is not associated with a value
2024-06-21 15:31:52,390 - ERROR - Error processing file 0043.txt: cannot access local variable 'file_path' where it is not associated with a value
2024-06-21 15:31:52,391 - ERROR - Error processing file 0069.txt: cannot access local variable 'file_path' where it is not associated with a value
2024-06-21 15:31:52,391 - ERROR - Error processing file 0013.txt: cannot access local variable 'file_path' where it is not associated with a value
2024-06-21 15:31:52,391 - ERROR - Error processing file 0002.txt: cannot access local variable 'file_path' where it is not associated with a value
2024-06-21 15:31:52,392 - ERROR - Error processing file 0028.txt: cannot access local variable 'file_path' where it is not associated with a value
2024-06-21 15:31:52,396 - ERROR - Error processing file 0016.txt: cannot access local variable 'file_path' where it is not associated with a value
2024-06-21 15:31:52,397 - ERROR - Error processing file 0072.txt: cannot access local variable 'file_path' where it is not associated with a value
2024-06-21 15:31:52,397 - ERROR - Error processing file 0001.txt: cannot access local variable 'file_path' where it is not associated with a value
2024-06-21 15:31:52,398 - ERROR - Error processing file 0048.txt: cannot access local variable 'file_path' where it is not associated with a value
2024-06-21 15:31:52,398 - ERROR - Error processing file 0023.txt: cannot access local variable 'file_path' where it is not associated with a value
2024-06-21 15:31:52,399 - ERROR - Error processing file 0044.txt: cannot access local variable 'file_path' where it is not associated with a value
2024-06-21 15:31:52,400 - ERROR - Error processing file 0067.txt: cannot access local variable 'file_path' where it is not associated with a value
2024-06-21 15:31:52,400 - ERROR - Error processing file 0018.txt: cannot access local variable 'file_path' where it is not associated with a value
2024-06-21 15:31:52,401 - ERROR - Error processing file 0061.txt: cannot access local variable 'file_path' where it is not associated with a value
2024-06-21 15:31:52,401 - ERROR - Error processing file 0015.txt: cannot access local variable 'file_path' where it is not associated with a value
2024-06-21 15:31:52,401 - ERROR - Error processing file 0011.txt: cannot access local variable 'file_path' where it is not associated with a value
2024-06-21 15:31:52,402 - ERROR - Error processing file 0075.txt: cannot access local variable 'file_path' where it is not associated with a value
2024-06-21 15:31:52,402 - ERROR - Error processing file 0033.txt: cannot access local variable 'file_path' where it is not associated with a value
2024-06-21 15:31:52,402 - ERROR - Error processing file 0036.txt: cannot access local variable 'file_path' where it is not associated with a value
2024-06-21 15:31:52,403 - ERROR - Error processing file 0004.txt: cannot access local variable 'file_path' where it is not associated with a value
2024-06-21 15:31:52,403 - ERROR - Error processing file 0050.txt: cannot access local variable 'file_path' where it is not associated with a value
2024-06-21 15:31:52,403 - ERROR - Error processing file 0014.txt: cannot access local variable 'file_path' where it is not associated with a value
2024-06-21 15:31:52,404 - ERROR - Error processing file 0012.txt: cannot access local variable 'file_path' where it is not associated with a value
2024-06-21 15:31:52,404 - ERROR - Error processing file 0041.txt: cannot access local variable 'file_path' where it is not associated with a value
2024-06-21 15:31:52,404 - ERROR - Error processing file 0062.txt: cannot access local variable 'file_path' where it is not associated with a value
2024-06-21 15:31:52,404 - ERROR - Error processing file 0073.txt: cannot access local variable 'file_path' where it is not associated with a value
2024-06-21 15:31:52,404 - ERROR - Error processing file 0026.txt: cannot access local variable 'file_path' where it is not associated with a value
2024-06-21 15:31:52,404 - ERROR - Error processing file 0006.txt: cannot access local variable 'file_path' where it is not associated with a value
2024-06-21 15:31:52,405 - ERROR - Error processing file 0003.txt: cannot access local variable 'file_path' where it is not associated with a value
2024-06-21 15:31:52,405 - ERROR - Error processing file 0037.txt: cannot access local variable 'file_path' where it is not associated with a value
2024-06-21 15:31:52,405 - ERROR - Error processing file 0029.txt: cannot access local variable 'file_path' where it is not associated with a value
2024-06-21 15:31:52,405 - ERROR - Error processing file 0052.txt: cannot access local variable 'file_path' where it is not associated with a value
2024-06-21 15:31:52,405 - ERROR - Error processing file 0051.txt: cannot access local variable 'file_path' where it is not associated with a value
2024-06-21 15:31:52,406 - ERROR - Error processing file 0054.txt: cannot access local variable 'file_path' where it is not associated with a value
2024-06-21 15:31:52,406 - ERROR - Error processing file 0056.txt: cannot access local variable 'file_path' where it is not associated with a value
2024-06-21 15:31:52,406 - ERROR - Error processing file 0053.txt: cannot access local variable 'file_path' where it is not associated with a value
2024-06-21 15:31:52,406 - ERROR - Error processing file 0055.txt: cannot access local variable 'file_path' where it is not associated with a value
2024-06-21 15:31:52,407 - ERROR - Error processing file 0024.txt: cannot access local variable 'file_path' where it is not associated with a value
2024-06-21 15:31:52,407 - ERROR - Error processing file 0066.txt: cannot access local variable 'file_path' where it is not associated with a value
2024-06-21 15:31:52,407 - ERROR - Error processing file 0009.txt: cannot access local variable 'file_path' where it is not associated with a value
2024-06-21 15:31:52,407 - ERROR - Error processing file 0032.txt: cannot access local variable 'file_path' where it is not associated with a value
2024-06-21 15:31:52,407 - ERROR - Error processing file 0040.txt: cannot access local variable 'file_path' where it is not associated with a value
2024-06-21 15:31:52,408 - ERROR - Error processing file 0007.txt: cannot access local variable 'file_path' where it is not associated with a value
2024-06-21 15:31:52,408 - ERROR - Error processing file 0022.txt: cannot access local variable 'file_path' where it is not associated with a value
2024-06-21 15:31:52,408 - ERROR - Error processing file 0046.txt: cannot access local variable 'file_path' where it is not associated with a value
2024-06-21 15:31:52,408 - ERROR - Error processing file 0064.txt: cannot access local variable 'file_path' where it is not associated with a value
2024-06-21 15:31:52,408 - ERROR - Error processing file 0068.txt: cannot access local variable 'file_path' where it is not associated with a value
2024-06-21 15:31:52,408 - ERROR - Error processing file 0070.txt: cannot access local variable 'file_path' where it is not associated with a value
2024-06-21 15:31:52,409 - ERROR - Error processing file 0017.txt: cannot access local variable 'file_path' where it is not associated with a value
2024-06-21 15:31:52,409 - ERROR - Error processing file 0027.txt: cannot access local variable 'file_path' where it is not associated with a value
2024-06-21 15:31:52,409 - ERROR - Error processing file 0065.txt: cannot access local variable 'file_path' where it is not associated with a value
2024-06-21 15:31:52,409 - ERROR - Error processing file 0031.txt: cannot access local variable 'file_path' where it is not associated with a value
2024-06-21 15:31:52,409 - ERROR - Error processing file 0008.txt: cannot access local variable 'file_path' where it is not associated with a value
2024-06-21 15:31:52,409 - ERROR - Error processing file 0035.txt: cannot access local variable 'file_path' where it is not associated with a value
2024-06-21 15:31:52,409 - ERROR - Error processing file 0049.txt: cannot access local variable 'file_path' where it is not associated with a value
2024-06-21 15:31:52,410 - ERROR - Error processing file 0045.txt: cannot access local variable 'file_path' where it is not associated with a value
2024-06-21 15:31:52,410 - ERROR - Error processing file 0063.txt: cannot access local variable 'file_path' where it is not associated with a value
2024-06-21 15:31:52,410 - ERROR - Error processing file 0057.txt: cannot access local variable 'file_path' where it is not associated with a value
2024-06-21 15:31:52,410 - ERROR - Error processing file 0021.txt: cannot access local variable 'file_path' where it is not associated with a value
2024-06-21 15:31:52,410 - ERROR - Error processing file 0038.txt: cannot access local variable 'file_path' where it is not associated with a value
2024-06-21 15:31:52,410 - ERROR - Error processing file 0010.txt: cannot access local variable 'file_path' where it is not associated with a value
2024-06-21 15:31:52,411 - ERROR - Error processing file 0074.txt: cannot access local variable 'file_path' where it is not associated with a value
2024-06-21 15:31:52,411 - ERROR - Error processing file 0039.txt: cannot access local variable 'file_path' where it is not associated with a value
2024-06-21 15:31:52,411 - ERROR - Error processing file 0059.txt: cannot access local variable 'file_path' where it is not associated with a value
2024-06-21 15:31:52,411 - ERROR - Error processing file 0020.txt: cannot access local variable 'file_path' where it is not associated with a value
2024-06-21 15:31:52,411 - ERROR - Error processing file 0030.txt: cannot access local variable 'file_path' where it is not associated with a value
2024-06-21 15:31:52,411 - ERROR - Error processing file 0025.txt: cannot access local variable 'file_path' where it is not associated with a value
2024-06-21 15:31:52,412 - ERROR - Error processing file 0058.txt: cannot access local variable 'file_path' where it is not associated with a value
2024-06-21 15:31:52,412 - ERROR - Error processing file 0019.txt: cannot access local variable 'file_path' where it is not associated with a value
2024-06-21 15:31:52,412 - ERROR - Error processing file 0042.txt: cannot access local variable 'file_path' where it is not associated with a value
2024-06-21 15:31:52,412 - ERROR - Error processing file 0060.txt: cannot access local variable 'file_path' where it is not associated with a value
2024-06-21 15:31:52,412 - ERROR - Error processing file 0071.txt: cannot access local variable 'file_path' where it is not associated with a value
2024-06-21 15:31:52,413 - ERROR - Error processing file 0047.txt: cannot access local variable 'file_path' where it is not associated with a value
2024-06-21 15:31:52,413 - ERROR - Error processing file 0034.txt: cannot access local variable 'file_path' where it is not associated with a value
2024-06-21 15:35:21,930 - DEBUG - handle_msg[7045f6c3eab7479a84536c1ce4b78735]({'header': {'date': datetime.datetime(2024, 6, 21, 20, 35, 21, 927000, tzinfo=tzutc()), 'msg_id': '6cccc3c0-a36e-4f3e-b19d-1abaf03bf4ad', 'msg_type': 'comm_msg', 'session': '4c256438-0aab-42e0-824d-255bdeafcd93', 'username': 'f03c4bed-5e30-4a65-84b1-314431714024', 'version': '5.2'}, 'msg_id': '6cccc3c0-a36e-4f3e-b19d-1abaf03bf4ad', 'msg_type': 'comm_msg', 'parent_header': {}, 'metadata': {}, 'content': {'comm_id': '7045f6c3eab7479a84536c1ce4b78735', 'data': {'method': 'update', 'state': {'outputs': [{'output_type': 'display_data', 'data': {'text/plain': '<IPython.core.display.HTML object>', 'text/html': '\n                    <style>\n                        .email-view {\n                            width: 32%;\n                            overflow-wrap: break-word;\n                            white-space: pre-wrap;\n                            text-align: left;\n                            padding: 10px;\n                        }\n                        table {\n                            width: 100%;\n                            table-layout: fixed;\n                            border-collapse: collapse;\n                        }\n                        td {\n                            vertical-align: top;\n                            border: 1px solid #ccc;\n                        }\n                        mark {\n                            background-color: yellow;\n                            font-weight: bold;\n                        }\n                    </style>\n                    <table>\n                        <tr>\n                            <td class="email-view"><b>Original Email (with highlights):</b><br>From:    Jane Doe <jane.doe@example.com>\nSent:    Monday, May 26, 2024 9:15 AM\nTo:      Customer Support <support@businessdomain.com>\nSubject: Inquiry About Product Discounts\n\nHello,\n\nI was trying to navigate through your online portal and noticed several discounts for different products. However, I\'m unsure about how to apply the member-exclusive discounts that are mentioned in the menu section. Could you guide me on how this works?\n\nThanks,\nJane</td>\n                            <td class="email-view"><b>Email Without Unwanted Texts:</b><br>From:    Jane Doe <jane.doe@example.com>\nSent:    Monday, May 26, 2024 9:15 AM\nTo:      Customer Support <support@businessdomain.com>\nSubject: Inquiry About Product Discounts\n\nHello,\n\nI was trying to navigate through your online portal and noticed several discounts for different products. However, I\'m unsure about how to apply the member-exclusive discounts that are mentioned in the menu section. Could you guide me on how this works?\n\nThanks,\nJane</td>\n                            <td class="email-view"><b>Processed Email:</b><br>from jane doe sent monday may am to customer support support subject inquiry about product discounts hello trying navigate online portal noticed several discount different product however unsure apply discount mentioned menu section could guide work thanks jane</td>\n                        </tr>\n                    </table>\n                    '}, 'metadata': {}}]}, 'buffer_paths': []}}, 'buffers': []})
2024-06-21 15:35:21,957 - DEBUG - EUC-JP Japanese prober hit error at byte 1185
2024-06-21 15:35:21,958 - DEBUG - EUC-KR Korean prober hit error at byte 1185
2024-06-21 15:35:21,958 - DEBUG - CP949 Korean prober hit error at byte 1185
2024-06-21 15:35:21,959 - DEBUG - Big5 Chinese prober hit error at byte 1186
2024-06-21 15:35:21,959 - DEBUG - EUC-TW Taiwan prober hit error at byte 1185
2024-06-21 15:35:21,962 - DEBUG - utf-8  confidence = 0.7525
2024-06-21 15:35:21,962 - DEBUG - SHIFT_JIS Japanese confidence = 0.01
2024-06-21 15:35:21,962 - DEBUG - EUC-JP not active
2024-06-21 15:35:21,962 - DEBUG - GB2312 Chinese confidence = 0.01
2024-06-21 15:35:21,962 - DEBUG - EUC-KR not active
2024-06-21 15:35:21,962 - DEBUG - CP949 not active
2024-06-21 15:35:21,962 - DEBUG - Big5 not active
2024-06-21 15:35:21,962 - DEBUG - EUC-TW not active
2024-06-21 15:35:21,962 - DEBUG - windows-1251 Russian confidence = 0.01
2024-06-21 15:35:21,962 - DEBUG - KOI8-R Russian confidence = 0.01
2024-06-21 15:35:21,962 - DEBUG - ISO-8859-5 Russian confidence = 0.01
2024-06-21 15:35:21,962 - DEBUG - MacCyrillic Russian confidence = 0.0
2024-06-21 15:35:21,962 - DEBUG - IBM866 Russian confidence = 0.0
2024-06-21 15:35:21,962 - DEBUG - IBM855 Russian confidence = 0.01
2024-06-21 15:35:21,962 - DEBUG - ISO-8859-7 Greek confidence = 0.01
2024-06-21 15:35:21,962 - DEBUG - windows-1253 Greek confidence = 0.01
2024-06-21 15:35:21,962 - DEBUG - ISO-8859-5 Bulgarian confidence = 0.01
2024-06-21 15:35:21,962 - DEBUG - windows-1251 Bulgarian confidence = 0.01
2024-06-21 15:35:21,962 - DEBUG - TIS-620 Thai confidence = 0.01
2024-06-21 15:35:21,962 - DEBUG - ISO-8859-9 Turkish confidence = 0.5321550136386491
2024-06-21 15:35:21,962 - DEBUG - windows-1255 Hebrew confidence = 0.0
2024-06-21 15:35:21,962 - DEBUG - windows-1255 Hebrew confidence = 0.0
2024-06-21 15:35:21,962 - DEBUG - windows-1255 Hebrew confidence = 0.0
2024-06-21 15:35:21,962 - DEBUG - utf-8  confidence = 0.7525
2024-06-21 15:35:21,962 - DEBUG - SHIFT_JIS Japanese confidence = 0.01
2024-06-21 15:35:21,962 - DEBUG - EUC-JP not active
2024-06-21 15:35:21,962 - DEBUG - GB2312 Chinese confidence = 0.01
2024-06-21 15:35:21,962 - DEBUG - EUC-KR not active
2024-06-21 15:35:21,962 - DEBUG - CP949 not active
2024-06-21 15:35:21,962 - DEBUG - Big5 not active
2024-06-21 15:35:21,962 - DEBUG - EUC-TW not active
2024-06-21 15:35:21,973 - DEBUG - EUC-JP Japanese prober hit error at byte 378
2024-06-21 15:35:21,973 - DEBUG - EUC-KR Korean prober hit error at byte 378
2024-06-21 15:35:21,974 - DEBUG - CP949 Korean prober hit error at byte 378
2024-06-21 15:35:21,974 - DEBUG - Big5 Chinese prober hit error at byte 379
2024-06-21 15:35:21,974 - DEBUG - EUC-TW Taiwan prober hit error at byte 378
2024-06-21 15:35:21,976 - DEBUG - utf-8  confidence = 0.505
2024-06-21 15:35:21,976 - DEBUG - SHIFT_JIS Japanese confidence = 0.01
2024-06-21 15:35:21,976 - DEBUG - EUC-JP not active
2024-06-21 15:35:21,976 - DEBUG - GB2312 Chinese confidence = 0.01
2024-06-21 15:35:21,976 - DEBUG - EUC-KR not active
2024-06-21 15:35:21,976 - DEBUG - CP949 not active
2024-06-21 15:35:21,976 - DEBUG - Big5 not active
2024-06-21 15:35:21,976 - DEBUG - EUC-TW not active
2024-06-21 15:35:21,976 - DEBUG - windows-1251 Russian confidence = 0.01
2024-06-21 15:35:21,976 - DEBUG - KOI8-R Russian confidence = 0.01
2024-06-21 15:35:21,976 - DEBUG - ISO-8859-5 Russian confidence = 0.01
2024-06-21 15:35:21,976 - DEBUG - MacCyrillic Russian confidence = 0.0
2024-06-21 15:35:21,976 - DEBUG - IBM866 Russian confidence = 0.0
2024-06-21 15:35:21,976 - DEBUG - IBM855 Russian confidence = 0.01
2024-06-21 15:35:21,976 - DEBUG - ISO-8859-7 Greek confidence = 0.0
2024-06-21 15:35:21,976 - DEBUG - windows-1253 Greek confidence = 0.0
2024-06-21 15:35:21,976 - DEBUG - ISO-8859-5 Bulgarian confidence = 0.01
2024-06-21 15:35:21,976 - DEBUG - windows-1251 Bulgarian confidence = 0.01
2024-06-21 15:35:21,976 - DEBUG - TIS-620 Thai confidence = 0.01
2024-06-21 15:35:21,976 - DEBUG - ISO-8859-9 Turkish confidence = 0.5842903017423253
2024-06-21 15:35:21,976 - DEBUG - windows-1255 Hebrew confidence = 0.0
2024-06-21 15:35:21,976 - DEBUG - windows-1255 Hebrew confidence = 0.0
2024-06-21 15:35:21,976 - DEBUG - windows-1255 Hebrew confidence = 0.0
2024-06-21 15:35:21,994 - DEBUG - EUC-JP Japanese prober hit error at byte 795
2024-06-21 15:35:21,995 - DEBUG - EUC-KR Korean prober hit error at byte 795
2024-06-21 15:35:21,995 - DEBUG - CP949 Korean prober hit error at byte 795
2024-06-21 15:35:21,995 - DEBUG - Big5 Chinese prober hit error at byte 796
2024-06-21 15:35:21,996 - DEBUG - EUC-TW Taiwan prober hit error at byte 795
2024-06-21 15:35:21,997 - DEBUG - utf-8  confidence = 0.505
2024-06-21 15:35:21,997 - DEBUG - SHIFT_JIS Japanese confidence = 0.01
2024-06-21 15:35:21,997 - DEBUG - EUC-JP not active
2024-06-21 15:35:21,997 - DEBUG - GB2312 Chinese confidence = 0.01
2024-06-21 15:35:21,997 - DEBUG - EUC-KR not active
2024-06-21 15:35:21,997 - DEBUG - CP949 not active
2024-06-21 15:35:21,997 - DEBUG - Big5 not active
2024-06-21 15:35:21,997 - DEBUG - EUC-TW not active
2024-06-21 15:35:21,997 - DEBUG - windows-1251 Russian confidence = 0.01
2024-06-21 15:35:21,997 - DEBUG - KOI8-R Russian confidence = 0.01
2024-06-21 15:35:21,997 - DEBUG - ISO-8859-5 Russian confidence = 0.01
2024-06-21 15:35:21,997 - DEBUG - MacCyrillic Russian confidence = 0.0
2024-06-21 15:35:21,997 - DEBUG - IBM866 Russian confidence = 0.0
2024-06-21 15:35:21,997 - DEBUG - IBM855 Russian confidence = 0.01
2024-06-21 15:35:21,997 - DEBUG - ISO-8859-7 Greek confidence = 0.01
2024-06-21 15:35:21,997 - DEBUG - windows-1253 Greek confidence = 0.01
2024-06-21 15:35:21,997 - DEBUG - ISO-8859-5 Bulgarian confidence = 0.01
2024-06-21 15:35:21,997 - DEBUG - windows-1251 Bulgarian confidence = 0.01
2024-06-21 15:35:21,997 - DEBUG - TIS-620 Thai confidence = 0.01
2024-06-21 15:35:21,997 - DEBUG - ISO-8859-9 Turkish confidence = 0.5561759341728019
2024-06-21 15:35:21,997 - DEBUG - windows-1255 Hebrew confidence = 0.0
2024-06-21 15:35:21,997 - DEBUG - windows-1255 Hebrew confidence = 0.01
2024-06-21 15:35:21,997 - DEBUG - windows-1255 Hebrew confidence = 0.01
2024-06-21 15:35:22,000 - DEBUG - EUC-JP Japanese prober hit error at byte 1131
2024-06-21 15:35:22,001 - DEBUG - EUC-KR Korean prober hit error at byte 1131
2024-06-21 15:35:22,001 - DEBUG - CP949 Korean prober hit error at byte 1131
2024-06-21 15:35:22,002 - DEBUG - Big5 Chinese prober hit error at byte 1132
2024-06-21 15:35:22,002 - DEBUG - EUC-TW Taiwan prober hit error at byte 1131
2024-06-21 15:35:22,004 - DEBUG - utf-8  confidence = 0.505
2024-06-21 15:35:22,004 - DEBUG - SHIFT_JIS Japanese confidence = 0.01
2024-06-21 15:35:22,004 - DEBUG - EUC-JP not active
2024-06-21 15:35:22,004 - DEBUG - GB2312 Chinese confidence = 0.01
2024-06-21 15:35:22,004 - DEBUG - EUC-KR not active
2024-06-21 15:35:22,004 - DEBUG - CP949 not active
2024-06-21 15:35:22,004 - DEBUG - Big5 not active
2024-06-21 15:35:22,004 - DEBUG - EUC-TW not active
2024-06-21 15:35:22,004 - DEBUG - windows-1251 Russian confidence = 0.01
2024-06-21 15:35:22,004 - DEBUG - KOI8-R Russian confidence = 0.01
2024-06-21 15:35:22,004 - DEBUG - ISO-8859-5 Russian confidence = 0.01
2024-06-21 15:35:22,004 - DEBUG - MacCyrillic Russian confidence = 0.0
2024-06-21 15:35:22,004 - DEBUG - IBM866 Russian confidence = 0.0
2024-06-21 15:35:22,004 - DEBUG - IBM855 Russian confidence = 0.01
2024-06-21 15:35:22,004 - DEBUG - ISO-8859-7 Greek confidence = 0.01
2024-06-21 15:35:22,004 - DEBUG - windows-1253 Greek confidence = 0.01
2024-06-21 15:35:22,004 - DEBUG - ISO-8859-5 Bulgarian confidence = 0.01
2024-06-21 15:35:22,004 - DEBUG - windows-1251 Bulgarian confidence = 0.01
2024-06-21 15:35:22,004 - DEBUG - TIS-620 Thai confidence = 0.01
2024-06-21 15:35:22,004 - DEBUG - ISO-8859-9 Turkish confidence = 0.5828805087698193
2024-06-21 15:35:22,004 - DEBUG - windows-1255 Hebrew confidence = 0.0
2024-06-21 15:35:22,004 - DEBUG - windows-1255 Hebrew confidence = 0.0
2024-06-21 15:35:22,004 - DEBUG - windows-1255 Hebrew confidence = 0.0
2024-06-21 15:35:22,008 - DEBUG - EUC-JP Japanese prober hit error at byte 814
2024-06-21 15:35:22,008 - DEBUG - EUC-KR Korean prober hit error at byte 814
2024-06-21 15:35:22,008 - DEBUG - CP949 Korean prober hit error at byte 814
2024-06-21 15:35:22,009 - DEBUG - Big5 Chinese prober hit error at byte 815
2024-06-21 15:35:22,009 - DEBUG - EUC-TW Taiwan prober hit error at byte 814
2024-06-21 15:35:22,010 - DEBUG - utf-8  confidence = 0.505
2024-06-21 15:35:22,010 - DEBUG - SHIFT_JIS Japanese confidence = 0.01
2024-06-21 15:35:22,010 - DEBUG - EUC-JP not active
2024-06-21 15:35:22,010 - DEBUG - GB2312 Chinese confidence = 0.01
2024-06-21 15:35:22,010 - DEBUG - EUC-KR not active
2024-06-21 15:35:22,010 - DEBUG - CP949 not active
2024-06-21 15:35:22,010 - DEBUG - Big5 not active
2024-06-21 15:35:22,010 - DEBUG - EUC-TW not active
2024-06-21 15:35:22,010 - DEBUG - windows-1251 Russian confidence = 0.01
2024-06-21 15:35:22,010 - DEBUG - KOI8-R Russian confidence = 0.01
2024-06-21 15:35:22,010 - DEBUG - ISO-8859-5 Russian confidence = 0.01
2024-06-21 15:35:22,010 - DEBUG - MacCyrillic Russian confidence = 0.0
2024-06-21 15:35:22,010 - DEBUG - IBM866 Russian confidence = 0.0
2024-06-21 15:35:22,010 - DEBUG - IBM855 Russian confidence = 0.01
2024-06-21 15:35:22,010 - DEBUG - ISO-8859-7 Greek confidence = 0.01
2024-06-21 15:35:22,010 - DEBUG - windows-1253 Greek confidence = 0.01
2024-06-21 15:35:22,010 - DEBUG - ISO-8859-5 Bulgarian confidence = 0.01
2024-06-21 15:35:22,010 - DEBUG - windows-1251 Bulgarian confidence = 0.01
2024-06-21 15:35:22,010 - DEBUG - TIS-620 Thai confidence = 0.01
2024-06-21 15:35:22,010 - DEBUG - ISO-8859-9 Turkish confidence = 0.6145511464273541
2024-06-21 15:35:22,010 - DEBUG - windows-1255 Hebrew confidence = 0.0
2024-06-21 15:35:22,010 - DEBUG - windows-1255 Hebrew confidence = 0.0
2024-06-21 15:35:22,010 - DEBUG - windows-1255 Hebrew confidence = 0.0
2024-06-21 15:35:22,013 - DEBUG - EUC-JP Japanese prober hit error at byte 351
2024-06-21 15:35:22,013 - DEBUG - EUC-KR Korean prober hit error at byte 351
2024-06-21 15:35:22,013 - DEBUG - CP949 Korean prober hit error at byte 351
2024-06-21 15:35:22,013 - DEBUG - Big5 Chinese prober hit error at byte 352
2024-06-21 15:35:22,013 - DEBUG - EUC-TW Taiwan prober hit error at byte 351
2024-06-21 15:35:22,015 - DEBUG - utf-8  confidence = 0.87625
2024-06-21 15:35:22,015 - DEBUG - SHIFT_JIS Japanese confidence = 0.01
2024-06-21 15:35:22,015 - DEBUG - EUC-JP not active
2024-06-21 15:35:22,015 - DEBUG - GB2312 Chinese confidence = 0.01
2024-06-21 15:35:22,015 - DEBUG - EUC-KR not active
2024-06-21 15:35:22,015 - DEBUG - CP949 not active
2024-06-21 15:35:22,015 - DEBUG - Big5 not active
2024-06-21 15:35:22,015 - DEBUG - EUC-TW not active
2024-06-21 15:35:22,015 - DEBUG - windows-1251 Russian confidence = 0.01
2024-06-21 15:35:22,015 - DEBUG - KOI8-R Russian confidence = 0.01
2024-06-21 15:35:22,015 - DEBUG - ISO-8859-5 Russian confidence = 0.01
2024-06-21 15:35:22,015 - DEBUG - MacCyrillic Russian confidence = 0.0
2024-06-21 15:35:22,015 - DEBUG - IBM866 Russian confidence = 0.0
2024-06-21 15:35:22,015 - DEBUG - IBM855 Russian confidence = 0.01
2024-06-21 15:35:22,015 - DEBUG - ISO-8859-7 Greek confidence = 0.0
2024-06-21 15:35:22,015 - DEBUG - windows-1253 Greek confidence = 0.0
2024-06-21 15:35:22,015 - DEBUG - ISO-8859-5 Bulgarian confidence = 0.01
2024-06-21 15:35:22,015 - DEBUG - windows-1251 Bulgarian confidence = 0.01
2024-06-21 15:35:22,015 - DEBUG - TIS-620 Thai confidence = 0.01
2024-06-21 15:35:22,015 - DEBUG - ISO-8859-9 Turkish confidence = 0.5773831980375089
2024-06-21 15:35:22,015 - DEBUG - windows-1255 Hebrew confidence = 0.0
2024-06-21 15:35:22,015 - DEBUG - windows-1255 Hebrew confidence = 0.0
2024-06-21 15:35:22,015 - DEBUG - windows-1255 Hebrew confidence = 0.0
2024-06-21 15:35:22,015 - DEBUG - utf-8  confidence = 0.87625
2024-06-21 15:35:22,015 - DEBUG - SHIFT_JIS Japanese confidence = 0.01
2024-06-21 15:35:22,015 - DEBUG - EUC-JP not active
2024-06-21 15:35:22,015 - DEBUG - GB2312 Chinese confidence = 0.01
2024-06-21 15:35:22,015 - DEBUG - EUC-KR not active
2024-06-21 15:35:22,015 - DEBUG - CP949 not active
2024-06-21 15:35:22,015 - DEBUG - Big5 not active
2024-06-21 15:35:22,015 - DEBUG - EUC-TW not active
2024-06-21 15:35:22,022 - DEBUG - EUC-JP Japanese prober hit error at byte 1533
2024-06-21 15:35:22,024 - DEBUG - EUC-KR Korean prober hit error at byte 1533
2024-06-21 15:35:22,024 - DEBUG - CP949 Korean prober hit error at byte 1533
2024-06-21 15:35:22,025 - DEBUG - Big5 Chinese prober hit error at byte 1534
2024-06-21 15:35:22,025 - DEBUG - EUC-TW Taiwan prober hit error at byte 1533
2024-06-21 15:35:22,027 - DEBUG - utf-8  confidence = 0.505
2024-06-21 15:35:22,027 - DEBUG - SHIFT_JIS Japanese confidence = 0.01
2024-06-21 15:35:22,027 - DEBUG - EUC-JP not active
2024-06-21 15:35:22,027 - DEBUG - GB2312 Chinese confidence = 0.01
2024-06-21 15:35:22,027 - DEBUG - EUC-KR not active
2024-06-21 15:35:22,027 - DEBUG - CP949 not active
2024-06-21 15:35:22,027 - DEBUG - Big5 not active
2024-06-21 15:35:22,027 - DEBUG - EUC-TW not active
2024-06-21 15:35:22,027 - DEBUG - windows-1251 Russian confidence = 0.01
2024-06-21 15:35:22,027 - DEBUG - KOI8-R Russian confidence = 0.01
2024-06-21 15:35:22,027 - DEBUG - ISO-8859-5 Russian confidence = 0.01
2024-06-21 15:35:22,027 - DEBUG - MacCyrillic Russian confidence = 0.0
2024-06-21 15:35:22,027 - DEBUG - IBM866 Russian confidence = 0.0
2024-06-21 15:35:22,027 - DEBUG - IBM855 Russian confidence = 0.01
2024-06-21 15:35:22,027 - DEBUG - ISO-8859-7 Greek confidence = 0.0
2024-06-21 15:35:22,027 - DEBUG - windows-1253 Greek confidence = 0.0
2024-06-21 15:35:22,027 - DEBUG - ISO-8859-5 Bulgarian confidence = 0.01
2024-06-21 15:35:22,027 - DEBUG - windows-1251 Bulgarian confidence = 0.01
2024-06-21 15:35:22,027 - DEBUG - TIS-620 Thai confidence = 0.01
2024-06-21 15:35:22,027 - DEBUG - ISO-8859-9 Turkish confidence = 0.5921610046837212
2024-06-21 15:35:22,027 - DEBUG - windows-1255 Hebrew confidence = 0.0
2024-06-21 15:35:22,027 - DEBUG - windows-1255 Hebrew confidence = 0.0
2024-06-21 15:35:22,027 - DEBUG - windows-1255 Hebrew confidence = 0.0
2024-06-21 15:35:22,029 - DEBUG - EUC-JP Japanese prober hit error at byte 426
2024-06-21 15:35:22,030 - DEBUG - EUC-KR Korean prober hit error at byte 426
2024-06-21 15:35:22,030 - DEBUG - CP949 Korean prober hit error at byte 426
2024-06-21 15:35:22,030 - DEBUG - Big5 Chinese prober hit error at byte 427
2024-06-21 15:35:22,030 - DEBUG - EUC-TW Taiwan prober hit error at byte 426
2024-06-21 15:35:22,031 - DEBUG - utf-8  confidence = 0.505
2024-06-21 15:35:22,031 - DEBUG - SHIFT_JIS Japanese confidence = 0.01
2024-06-21 15:35:22,031 - DEBUG - EUC-JP not active
2024-06-21 15:35:22,031 - DEBUG - GB2312 Chinese confidence = 0.01
2024-06-21 15:35:22,031 - DEBUG - EUC-KR not active
2024-06-21 15:35:22,031 - DEBUG - CP949 not active
2024-06-21 15:35:22,031 - DEBUG - Big5 not active
2024-06-21 15:35:22,031 - DEBUG - EUC-TW not active
2024-06-21 15:35:22,031 - DEBUG - windows-1251 Russian confidence = 0.01
2024-06-21 15:35:22,031 - DEBUG - KOI8-R Russian confidence = 0.01
2024-06-21 15:35:22,031 - DEBUG - ISO-8859-5 Russian confidence = 0.01
2024-06-21 15:35:22,031 - DEBUG - MacCyrillic Russian confidence = 0.0
2024-06-21 15:35:22,031 - DEBUG - IBM866 Russian confidence = 0.0
2024-06-21 15:35:22,031 - DEBUG - IBM855 Russian confidence = 0.01
2024-06-21 15:35:22,031 - DEBUG - ISO-8859-7 Greek confidence = 0.0
2024-06-21 15:35:22,031 - DEBUG - windows-1253 Greek confidence = 0.0
2024-06-21 15:35:22,031 - DEBUG - ISO-8859-5 Bulgarian confidence = 0.01
2024-06-21 15:35:22,031 - DEBUG - windows-1251 Bulgarian confidence = 0.01
2024-06-21 15:35:22,031 - DEBUG - TIS-620 Thai confidence = 0.01
2024-06-21 15:35:22,031 - DEBUG - ISO-8859-9 Turkish confidence = 0.5296677583315623
2024-06-21 15:35:22,031 - DEBUG - windows-1255 Hebrew confidence = 0.0
2024-06-21 15:35:22,031 - DEBUG - windows-1255 Hebrew confidence = 0.0
2024-06-21 15:35:22,031 - DEBUG - windows-1255 Hebrew confidence = 0.0
2024-06-21 15:35:22,034 - DEBUG - EUC-JP Japanese prober hit error at byte 1509
2024-06-21 15:35:22,034 - DEBUG - EUC-KR Korean prober hit error at byte 1509
2024-06-21 15:35:22,035 - DEBUG - CP949 Korean prober hit error at byte 1509
2024-06-21 15:35:22,035 - DEBUG - Big5 Chinese prober hit error at byte 1510
2024-06-21 15:35:22,036 - DEBUG - EUC-TW Taiwan prober hit error at byte 1509
2024-06-21 15:35:22,038 - DEBUG - utf-8  confidence = 0.505
2024-06-21 15:35:22,038 - DEBUG - SHIFT_JIS Japanese confidence = 0.01
2024-06-21 15:35:22,038 - DEBUG - EUC-JP not active
2024-06-21 15:35:22,038 - DEBUG - GB2312 Chinese confidence = 0.01
2024-06-21 15:35:22,038 - DEBUG - EUC-KR not active
2024-06-21 15:35:22,038 - DEBUG - CP949 not active
2024-06-21 15:35:22,038 - DEBUG - Big5 not active
2024-06-21 15:35:22,038 - DEBUG - EUC-TW not active
2024-06-21 15:35:22,038 - DEBUG - windows-1251 Russian confidence = 0.01
2024-06-21 15:35:22,038 - DEBUG - KOI8-R Russian confidence = 0.01
2024-06-21 15:35:22,038 - DEBUG - ISO-8859-5 Russian confidence = 0.01
2024-06-21 15:35:22,038 - DEBUG - MacCyrillic Russian confidence = 0.0
2024-06-21 15:35:22,038 - DEBUG - IBM866 Russian confidence = 0.0
2024-06-21 15:35:22,038 - DEBUG - IBM855 Russian confidence = 0.01
2024-06-21 15:35:22,038 - DEBUG - ISO-8859-7 Greek confidence = 0.01
2024-06-21 15:35:22,038 - DEBUG - windows-1253 Greek confidence = 0.01
2024-06-21 15:35:22,038 - DEBUG - ISO-8859-5 Bulgarian confidence = 0.01
2024-06-21 15:35:22,038 - DEBUG - windows-1251 Bulgarian confidence = 0.01
2024-06-21 15:35:22,038 - DEBUG - TIS-620 Thai confidence = 0.01
2024-06-21 15:35:22,038 - DEBUG - ISO-8859-9 Turkish confidence = 0.5829203829871805
2024-06-21 15:35:22,038 - DEBUG - windows-1255 Hebrew confidence = 0.0
2024-06-21 15:35:22,038 - DEBUG - windows-1255 Hebrew confidence = 0.01
2024-06-21 15:35:22,038 - DEBUG - windows-1255 Hebrew confidence = 0.01
2024-06-21 15:35:22,044 - DEBUG - EUC-JP Japanese prober hit error at byte 815
2024-06-21 15:35:22,044 - DEBUG - EUC-KR Korean prober hit error at byte 815
2024-06-21 15:35:22,045 - DEBUG - CP949 Korean prober hit error at byte 815
2024-06-21 15:35:22,045 - DEBUG - Big5 Chinese prober hit error at byte 816
2024-06-21 15:35:22,045 - DEBUG - EUC-TW Taiwan prober hit error at byte 815
2024-06-21 15:35:22,047 - DEBUG - utf-8  confidence = 0.505
2024-06-21 15:35:22,047 - DEBUG - SHIFT_JIS Japanese confidence = 0.01
2024-06-21 15:35:22,047 - DEBUG - EUC-JP not active
2024-06-21 15:35:22,047 - DEBUG - GB2312 Chinese confidence = 0.01
2024-06-21 15:35:22,047 - DEBUG - EUC-KR not active
2024-06-21 15:35:22,047 - DEBUG - CP949 not active
2024-06-21 15:35:22,047 - DEBUG - Big5 not active
2024-06-21 15:35:22,047 - DEBUG - EUC-TW not active
2024-06-21 15:35:22,047 - DEBUG - windows-1251 Russian confidence = 0.01
2024-06-21 15:35:22,047 - DEBUG - KOI8-R Russian confidence = 0.01
2024-06-21 15:35:22,047 - DEBUG - ISO-8859-5 Russian confidence = 0.01
2024-06-21 15:35:22,047 - DEBUG - MacCyrillic Russian confidence = 0.0
2024-06-21 15:35:22,047 - DEBUG - IBM866 Russian confidence = 0.0
2024-06-21 15:35:22,047 - DEBUG - IBM855 Russian confidence = 0.01
2024-06-21 15:35:22,047 - DEBUG - ISO-8859-7 Greek confidence = 0.0
2024-06-21 15:35:22,047 - DEBUG - windows-1253 Greek confidence = 0.0
2024-06-21 15:35:22,047 - DEBUG - ISO-8859-5 Bulgarian confidence = 0.01
2024-06-21 15:35:22,047 - DEBUG - windows-1251 Bulgarian confidence = 0.01
2024-06-21 15:35:22,047 - DEBUG - TIS-620 Thai confidence = 0.01
2024-06-21 15:35:22,047 - DEBUG - ISO-8859-9 Turkish confidence = 0.588171721626968
2024-06-21 15:35:22,047 - DEBUG - windows-1255 Hebrew confidence = 0.0
2024-06-21 15:35:22,047 - DEBUG - windows-1255 Hebrew confidence = 0.0
2024-06-21 15:35:22,047 - DEBUG - windows-1255 Hebrew confidence = 0.0
2024-06-21 15:35:22,050 - DEBUG - EUC-JP Japanese prober hit error at byte 378
2024-06-21 15:35:22,050 - DEBUG - EUC-KR Korean prober hit error at byte 378
2024-06-21 15:35:22,051 - DEBUG - CP949 Korean prober hit error at byte 378
2024-06-21 15:35:22,051 - DEBUG - Big5 Chinese prober hit error at byte 379
2024-06-21 15:35:22,051 - DEBUG - EUC-TW Taiwan prober hit error at byte 378
2024-06-21 15:35:22,052 - DEBUG - utf-8  confidence = 0.505
2024-06-21 15:35:22,052 - DEBUG - SHIFT_JIS Japanese confidence = 0.01
2024-06-21 15:35:22,052 - DEBUG - EUC-JP not active
2024-06-21 15:35:22,052 - DEBUG - GB2312 Chinese confidence = 0.01
2024-06-21 15:35:22,052 - DEBUG - EUC-KR not active
2024-06-21 15:35:22,052 - DEBUG - CP949 not active
2024-06-21 15:35:22,052 - DEBUG - Big5 not active
2024-06-21 15:35:22,052 - DEBUG - EUC-TW not active
2024-06-21 15:35:22,052 - DEBUG - windows-1251 Russian confidence = 0.01
2024-06-21 15:35:22,052 - DEBUG - KOI8-R Russian confidence = 0.01
2024-06-21 15:35:22,052 - DEBUG - ISO-8859-5 Russian confidence = 0.01
2024-06-21 15:35:22,052 - DEBUG - MacCyrillic Russian confidence = 0.0
2024-06-21 15:35:22,052 - DEBUG - IBM866 Russian confidence = 0.0
2024-06-21 15:35:22,052 - DEBUG - IBM855 Russian confidence = 0.01
2024-06-21 15:35:22,052 - DEBUG - ISO-8859-7 Greek confidence = 0.0
2024-06-21 15:35:22,052 - DEBUG - windows-1253 Greek confidence = 0.0
2024-06-21 15:35:22,052 - DEBUG - ISO-8859-5 Bulgarian confidence = 0.01
2024-06-21 15:35:22,052 - DEBUG - windows-1251 Bulgarian confidence = 0.01
2024-06-21 15:35:22,052 - DEBUG - TIS-620 Thai confidence = 0.01
2024-06-21 15:35:22,052 - DEBUG - ISO-8859-9 Turkish confidence = 0.590649733196538
2024-06-21 15:35:22,052 - DEBUG - windows-1255 Hebrew confidence = 0.0
2024-06-21 15:35:22,053 - DEBUG - windows-1255 Hebrew confidence = 0.0
2024-06-21 15:35:22,053 - DEBUG - windows-1255 Hebrew confidence = 0.0
2024-06-21 15:35:22,055 - DEBUG - EUC-JP Japanese prober hit error at byte 473
2024-06-21 15:35:22,056 - DEBUG - EUC-KR Korean prober hit error at byte 473
2024-06-21 15:35:22,056 - DEBUG - CP949 Korean prober hit error at byte 473
2024-06-21 15:35:22,056 - DEBUG - Big5 Chinese prober hit error at byte 474
2024-06-21 15:35:22,056 - DEBUG - EUC-TW Taiwan prober hit error at byte 473
2024-06-21 15:35:22,057 - DEBUG - utf-8  confidence = 0.505
2024-06-21 15:35:22,057 - DEBUG - SHIFT_JIS Japanese confidence = 0.01
2024-06-21 15:35:22,057 - DEBUG - EUC-JP not active
2024-06-21 15:35:22,057 - DEBUG - GB2312 Chinese confidence = 0.01
2024-06-21 15:35:22,057 - DEBUG - EUC-KR not active
2024-06-21 15:35:22,057 - DEBUG - CP949 not active
2024-06-21 15:35:22,057 - DEBUG - Big5 not active
2024-06-21 15:35:22,057 - DEBUG - EUC-TW not active
2024-06-21 15:35:22,057 - DEBUG - windows-1251 Russian confidence = 0.01
2024-06-21 15:35:22,057 - DEBUG - KOI8-R Russian confidence = 0.01
2024-06-21 15:35:22,058 - DEBUG - ISO-8859-5 Russian confidence = 0.01
2024-06-21 15:35:22,058 - DEBUG - MacCyrillic Russian confidence = 0.0
2024-06-21 15:35:22,058 - DEBUG - IBM866 Russian confidence = 0.0
2024-06-21 15:35:22,058 - DEBUG - IBM855 Russian confidence = 0.01
2024-06-21 15:35:22,058 - DEBUG - ISO-8859-7 Greek confidence = 0.01
2024-06-21 15:35:22,058 - DEBUG - windows-1253 Greek confidence = 0.01
2024-06-21 15:35:22,058 - DEBUG - ISO-8859-5 Bulgarian confidence = 0.01
2024-06-21 15:35:22,058 - DEBUG - windows-1251 Bulgarian confidence = 0.01
2024-06-21 15:35:22,058 - DEBUG - TIS-620 Thai confidence = 0.01
2024-06-21 15:35:22,058 - DEBUG - ISO-8859-9 Turkish confidence = 0.6151483545109029
2024-06-21 15:35:22,058 - DEBUG - windows-1255 Hebrew confidence = 0.0
2024-06-21 15:35:22,058 - DEBUG - windows-1255 Hebrew confidence = 0.0
2024-06-21 15:35:22,058 - DEBUG - windows-1255 Hebrew confidence = 0.0
2024-06-21 15:35:22,061 - DEBUG - EUC-JP Japanese prober hit error at byte 1533
2024-06-21 15:35:22,062 - DEBUG - EUC-KR Korean prober hit error at byte 1533
2024-06-21 15:35:22,063 - DEBUG - CP949 Korean prober hit error at byte 1533
2024-06-21 15:35:22,063 - DEBUG - Big5 Chinese prober hit error at byte 1534
2024-06-21 15:35:22,064 - DEBUG - EUC-TW Taiwan prober hit error at byte 1533
2024-06-21 15:35:22,066 - DEBUG - utf-8  confidence = 0.505
2024-06-21 15:35:22,066 - DEBUG - SHIFT_JIS Japanese confidence = 0.01
2024-06-21 15:35:22,066 - DEBUG - EUC-JP not active
2024-06-21 15:35:22,066 - DEBUG - GB2312 Chinese confidence = 0.01
2024-06-21 15:35:22,066 - DEBUG - EUC-KR not active
2024-06-21 15:35:22,066 - DEBUG - CP949 not active
2024-06-21 15:35:22,066 - DEBUG - Big5 not active
2024-06-21 15:35:22,066 - DEBUG - EUC-TW not active
2024-06-21 15:35:22,066 - DEBUG - windows-1251 Russian confidence = 0.01
2024-06-21 15:35:22,066 - DEBUG - KOI8-R Russian confidence = 0.01
2024-06-21 15:35:22,066 - DEBUG - ISO-8859-5 Russian confidence = 0.01
2024-06-21 15:35:22,066 - DEBUG - MacCyrillic Russian confidence = 0.0
2024-06-21 15:35:22,066 - DEBUG - IBM866 Russian confidence = 0.0
2024-06-21 15:35:22,066 - DEBUG - IBM855 Russian confidence = 0.01
2024-06-21 15:35:22,066 - DEBUG - ISO-8859-7 Greek confidence = 0.0
2024-06-21 15:35:22,066 - DEBUG - windows-1253 Greek confidence = 0.0
2024-06-21 15:35:22,066 - DEBUG - ISO-8859-5 Bulgarian confidence = 0.01
2024-06-21 15:35:22,066 - DEBUG - windows-1251 Bulgarian confidence = 0.01
2024-06-21 15:35:22,066 - DEBUG - TIS-620 Thai confidence = 0.01
2024-06-21 15:35:22,066 - DEBUG - ISO-8859-9 Turkish confidence = 0.5942097093088146
2024-06-21 15:35:22,066 - DEBUG - windows-1255 Hebrew confidence = 0.0
2024-06-21 15:35:22,066 - DEBUG - windows-1255 Hebrew confidence = 0.0
2024-06-21 15:35:22,066 - DEBUG - windows-1255 Hebrew confidence = 0.0
2024-06-21 15:35:22,099 - ERROR - Error processing file 0005.txt: tuple indices must be integers or slices, not str
2024-06-21 15:35:22,099 - ERROR - Error processing file 0043.txt: tuple indices must be integers or slices, not str
2024-06-21 15:35:22,102 - DEBUG - EUC-JP Japanese prober hit error at byte 1185
2024-06-21 15:35:22,102 - DEBUG - EUC-KR Korean prober hit error at byte 1185
2024-06-21 15:35:22,103 - DEBUG - CP949 Korean prober hit error at byte 1185
2024-06-21 15:35:22,103 - DEBUG - Big5 Chinese prober hit error at byte 1186
2024-06-21 15:35:22,104 - DEBUG - EUC-TW Taiwan prober hit error at byte 1185
2024-06-21 15:35:22,105 - DEBUG - utf-8  confidence = 0.7525
2024-06-21 15:35:22,105 - DEBUG - SHIFT_JIS Japanese confidence = 0.01
2024-06-21 15:35:22,105 - DEBUG - EUC-JP not active
2024-06-21 15:35:22,105 - DEBUG - GB2312 Chinese confidence = 0.01
2024-06-21 15:35:22,105 - DEBUG - EUC-KR not active
2024-06-21 15:35:22,105 - DEBUG - CP949 not active
2024-06-21 15:35:22,105 - DEBUG - Big5 not active
2024-06-21 15:35:22,105 - DEBUG - EUC-TW not active
2024-06-21 15:35:22,105 - DEBUG - windows-1251 Russian confidence = 0.01
2024-06-21 15:35:22,105 - DEBUG - KOI8-R Russian confidence = 0.01
2024-06-21 15:35:22,105 - DEBUG - ISO-8859-5 Russian confidence = 0.01
2024-06-21 15:35:22,105 - DEBUG - MacCyrillic Russian confidence = 0.0
2024-06-21 15:35:22,105 - DEBUG - IBM866 Russian confidence = 0.0
2024-06-21 15:35:22,105 - DEBUG - IBM855 Russian confidence = 0.01
2024-06-21 15:35:22,105 - DEBUG - ISO-8859-7 Greek confidence = 0.01
2024-06-21 15:35:22,105 - DEBUG - windows-1253 Greek confidence = 0.01
2024-06-21 15:35:22,105 - DEBUG - ISO-8859-5 Bulgarian confidence = 0.01
2024-06-21 15:35:22,105 - DEBUG - windows-1251 Bulgarian confidence = 0.01
2024-06-21 15:35:22,105 - DEBUG - TIS-620 Thai confidence = 0.01
2024-06-21 15:35:22,105 - DEBUG - ISO-8859-9 Turkish confidence = 0.5321550136386491
2024-06-21 15:35:22,105 - DEBUG - windows-1255 Hebrew confidence = 0.0
2024-06-21 15:35:22,105 - DEBUG - windows-1255 Hebrew confidence = 0.0
2024-06-21 15:35:22,105 - DEBUG - windows-1255 Hebrew confidence = 0.0
2024-06-21 15:35:22,105 - DEBUG - utf-8  confidence = 0.7525
2024-06-21 15:35:22,105 - DEBUG - SHIFT_JIS Japanese confidence = 0.01
2024-06-21 15:35:22,105 - DEBUG - EUC-JP not active
2024-06-21 15:35:22,105 - DEBUG - GB2312 Chinese confidence = 0.01
2024-06-21 15:35:22,105 - DEBUG - EUC-KR not active
2024-06-21 15:35:22,105 - DEBUG - CP949 not active
2024-06-21 15:35:22,105 - DEBUG - Big5 not active
2024-06-21 15:35:22,105 - DEBUG - EUC-TW not active
2024-06-21 15:35:22,105 - ERROR - Error processing file 0069.txt: tuple indices must be integers or slices, not str
2024-06-21 15:35:22,106 - ERROR - Error processing file 0013.txt: tuple indices must be integers or slices, not str
2024-06-21 15:35:22,106 - ERROR - Error processing file 0002.txt: tuple indices must be integers or slices, not str
2024-06-21 15:35:22,107 - ERROR - Error processing file 0028.txt: tuple indices must be integers or slices, not str
2024-06-21 15:35:22,107 - ERROR - Error processing file 0016.txt: tuple indices must be integers or slices, not str
2024-06-21 15:35:22,107 - ERROR - Error processing file 0072.txt: tuple indices must be integers or slices, not str
2024-06-21 15:35:22,108 - ERROR - Error processing file 0001.txt: tuple indices must be integers or slices, not str
2024-06-21 15:35:22,108 - ERROR - Error processing file 0048.txt: tuple indices must be integers or slices, not str
2024-06-21 15:35:22,108 - ERROR - Error processing file 0023.txt: tuple indices must be integers or slices, not str
2024-06-21 15:35:22,109 - ERROR - Error processing file 0044.txt: tuple indices must be integers or slices, not str
2024-06-21 15:35:22,109 - ERROR - Error processing file 0067.txt: tuple indices must be integers or slices, not str
2024-06-21 15:35:22,109 - ERROR - Error processing file 0018.txt: tuple indices must be integers or slices, not str
2024-06-21 15:35:22,112 - DEBUG - EUC-JP Japanese prober hit error at byte 378
2024-06-21 15:35:22,113 - DEBUG - EUC-KR Korean prober hit error at byte 378
2024-06-21 15:35:22,113 - DEBUG - CP949 Korean prober hit error at byte 378
2024-06-21 15:35:22,113 - DEBUG - Big5 Chinese prober hit error at byte 379
2024-06-21 15:35:22,113 - DEBUG - EUC-TW Taiwan prober hit error at byte 378
2024-06-21 15:35:22,116 - DEBUG - utf-8  confidence = 0.505
2024-06-21 15:35:22,116 - DEBUG - SHIFT_JIS Japanese confidence = 0.01
2024-06-21 15:35:22,116 - DEBUG - EUC-JP not active
2024-06-21 15:35:22,116 - DEBUG - GB2312 Chinese confidence = 0.01
2024-06-21 15:35:22,116 - DEBUG - EUC-KR not active
2024-06-21 15:35:22,116 - DEBUG - CP949 not active
2024-06-21 15:35:22,116 - DEBUG - Big5 not active
2024-06-21 15:35:22,116 - DEBUG - EUC-TW not active
2024-06-21 15:35:22,116 - DEBUG - windows-1251 Russian confidence = 0.01
2024-06-21 15:35:22,116 - DEBUG - KOI8-R Russian confidence = 0.01
2024-06-21 15:35:22,116 - DEBUG - ISO-8859-5 Russian confidence = 0.01
2024-06-21 15:35:22,116 - DEBUG - MacCyrillic Russian confidence = 0.0
2024-06-21 15:35:22,116 - DEBUG - IBM866 Russian confidence = 0.0
2024-06-21 15:35:22,116 - DEBUG - IBM855 Russian confidence = 0.01
2024-06-21 15:35:22,116 - DEBUG - ISO-8859-7 Greek confidence = 0.0
2024-06-21 15:35:22,116 - DEBUG - windows-1253 Greek confidence = 0.0
2024-06-21 15:35:22,116 - DEBUG - ISO-8859-5 Bulgarian confidence = 0.01
2024-06-21 15:35:22,116 - DEBUG - windows-1251 Bulgarian confidence = 0.01
2024-06-21 15:35:22,116 - DEBUG - TIS-620 Thai confidence = 0.01
2024-06-21 15:35:22,116 - DEBUG - ISO-8859-9 Turkish confidence = 0.5842903017423253
2024-06-21 15:35:22,116 - DEBUG - windows-1255 Hebrew confidence = 0.0
2024-06-21 15:35:22,116 - DEBUG - windows-1255 Hebrew confidence = 0.0
2024-06-21 15:35:22,116 - DEBUG - windows-1255 Hebrew confidence = 0.0
2024-06-21 15:35:22,116 - ERROR - Error processing file 0061.txt: tuple indices must be integers or slices, not str
2024-06-21 15:35:22,117 - ERROR - Error processing file 0015.txt: tuple indices must be integers or slices, not str
2024-06-21 15:35:22,117 - ERROR - Error processing file 0011.txt: tuple indices must be integers or slices, not str
2024-06-21 15:35:22,117 - ERROR - Error processing file 0075.txt: tuple indices must be integers or slices, not str
2024-06-21 15:35:22,118 - ERROR - Error processing file 0033.txt: tuple indices must be integers or slices, not str
2024-06-21 15:35:22,118 - ERROR - Error processing file 0036.txt: tuple indices must be integers or slices, not str
2024-06-21 15:35:22,118 - ERROR - Error processing file 0004.txt: tuple indices must be integers or slices, not str
2024-06-21 15:35:22,119 - ERROR - Error processing file 0050.txt: tuple indices must be integers or slices, not str
2024-06-21 15:35:22,119 - ERROR - Error processing file 0014.txt: tuple indices must be integers or slices, not str
2024-06-21 15:35:22,119 - ERROR - Error processing file 0012.txt: tuple indices must be integers or slices, not str
2024-06-21 15:35:22,120 - ERROR - Error processing file 0041.txt: tuple indices must be integers or slices, not str
2024-06-21 15:35:22,120 - ERROR - Error processing file 0062.txt: tuple indices must be integers or slices, not str
2024-06-21 15:35:22,120 - ERROR - Error processing file 0073.txt: tuple indices must be integers or slices, not str
2024-06-21 15:35:22,121 - ERROR - Error processing file 0026.txt: tuple indices must be integers or slices, not str
2024-06-21 15:35:22,121 - ERROR - Error processing file 0006.txt: tuple indices must be integers or slices, not str
2024-06-21 15:35:22,121 - ERROR - Error processing file 0003.txt: tuple indices must be integers or slices, not str
2024-06-21 15:35:22,122 - ERROR - Error processing file 0037.txt: tuple indices must be integers or slices, not str
2024-06-21 15:35:22,122 - ERROR - Error processing file 0029.txt: tuple indices must be integers or slices, not str
2024-06-21 15:35:22,122 - ERROR - Error processing file 0052.txt: tuple indices must be integers or slices, not str
2024-06-21 15:35:22,122 - ERROR - Error processing file 0051.txt: tuple indices must be integers or slices, not str
2024-06-21 15:35:22,122 - ERROR - Error processing file 0054.txt: tuple indices must be integers or slices, not str
2024-06-21 15:35:22,123 - ERROR - Error processing file 0056.txt: tuple indices must be integers or slices, not str
2024-06-21 15:35:22,123 - ERROR - Error processing file 0053.txt: tuple indices must be integers or slices, not str
2024-06-21 15:35:22,123 - ERROR - Error processing file 0055.txt: tuple indices must be integers or slices, not str
2024-06-21 15:35:22,123 - ERROR - Error processing file 0024.txt: tuple indices must be integers or slices, not str
2024-06-21 15:35:22,124 - ERROR - Error processing file 0066.txt: tuple indices must be integers or slices, not str
2024-06-21 15:35:22,124 - ERROR - Error processing file 0009.txt: tuple indices must be integers or slices, not str
2024-06-21 15:35:22,124 - ERROR - Error processing file 0032.txt: tuple indices must be integers or slices, not str
2024-06-21 15:35:22,125 - DEBUG - EUC-JP Japanese prober hit error at byte 795
2024-06-21 15:35:22,126 - DEBUG - EUC-KR Korean prober hit error at byte 795
2024-06-21 15:35:22,126 - DEBUG - CP949 Korean prober hit error at byte 795
2024-06-21 15:35:22,126 - DEBUG - Big5 Chinese prober hit error at byte 796
2024-06-21 15:35:22,127 - DEBUG - EUC-TW Taiwan prober hit error at byte 795
2024-06-21 15:35:22,128 - DEBUG - utf-8  confidence = 0.505
2024-06-21 15:35:22,128 - DEBUG - SHIFT_JIS Japanese confidence = 0.01
2024-06-21 15:35:22,128 - DEBUG - EUC-JP not active
2024-06-21 15:35:22,128 - DEBUG - GB2312 Chinese confidence = 0.01
2024-06-21 15:35:22,128 - DEBUG - EUC-KR not active
2024-06-21 15:35:22,128 - DEBUG - CP949 not active
2024-06-21 15:35:22,128 - DEBUG - Big5 not active
2024-06-21 15:35:22,128 - DEBUG - EUC-TW not active
2024-06-21 15:35:22,128 - DEBUG - windows-1251 Russian confidence = 0.01
2024-06-21 15:35:22,128 - DEBUG - KOI8-R Russian confidence = 0.01
2024-06-21 15:35:22,128 - DEBUG - ISO-8859-5 Russian confidence = 0.01
2024-06-21 15:35:22,128 - DEBUG - MacCyrillic Russian confidence = 0.0
2024-06-21 15:35:22,128 - DEBUG - IBM866 Russian confidence = 0.0
2024-06-21 15:35:22,128 - DEBUG - IBM855 Russian confidence = 0.01
2024-06-21 15:35:22,128 - DEBUG - ISO-8859-7 Greek confidence = 0.01
2024-06-21 15:35:22,128 - DEBUG - windows-1253 Greek confidence = 0.01
2024-06-21 15:35:22,128 - DEBUG - ISO-8859-5 Bulgarian confidence = 0.01
2024-06-21 15:35:22,128 - DEBUG - windows-1251 Bulgarian confidence = 0.01
2024-06-21 15:35:22,128 - DEBUG - TIS-620 Thai confidence = 0.01
2024-06-21 15:35:22,128 - DEBUG - ISO-8859-9 Turkish confidence = 0.5561759341728019
2024-06-21 15:35:22,128 - DEBUG - windows-1255 Hebrew confidence = 0.0
2024-06-21 15:35:22,128 - DEBUG - windows-1255 Hebrew confidence = 0.01
2024-06-21 15:35:22,128 - DEBUG - windows-1255 Hebrew confidence = 0.01
2024-06-21 15:35:22,128 - ERROR - Error processing file 0040.txt: tuple indices must be integers or slices, not str
2024-06-21 15:35:22,129 - ERROR - Error processing file 0007.txt: tuple indices must be integers or slices, not str
2024-06-21 15:35:22,129 - ERROR - Error processing file 0022.txt: tuple indices must be integers or slices, not str
2024-06-21 15:35:22,132 - DEBUG - EUC-JP Japanese prober hit error at byte 1131
2024-06-21 15:35:22,133 - DEBUG - EUC-KR Korean prober hit error at byte 1131
2024-06-21 15:35:22,133 - DEBUG - CP949 Korean prober hit error at byte 1131
2024-06-21 15:35:22,133 - DEBUG - Big5 Chinese prober hit error at byte 1132
2024-06-21 15:35:22,134 - DEBUG - EUC-TW Taiwan prober hit error at byte 1131
2024-06-21 15:35:22,136 - DEBUG - utf-8  confidence = 0.505
2024-06-21 15:35:22,136 - DEBUG - SHIFT_JIS Japanese confidence = 0.01
2024-06-21 15:35:22,136 - DEBUG - EUC-JP not active
2024-06-21 15:35:22,136 - DEBUG - GB2312 Chinese confidence = 0.01
2024-06-21 15:35:22,136 - DEBUG - EUC-KR not active
2024-06-21 15:35:22,136 - DEBUG - CP949 not active
2024-06-21 15:35:22,136 - DEBUG - Big5 not active
2024-06-21 15:35:22,136 - DEBUG - EUC-TW not active
2024-06-21 15:35:22,136 - DEBUG - windows-1251 Russian confidence = 0.01
2024-06-21 15:35:22,136 - DEBUG - KOI8-R Russian confidence = 0.01
2024-06-21 15:35:22,136 - DEBUG - ISO-8859-5 Russian confidence = 0.01
2024-06-21 15:35:22,136 - DEBUG - MacCyrillic Russian confidence = 0.0
2024-06-21 15:35:22,136 - DEBUG - IBM866 Russian confidence = 0.0
2024-06-21 15:35:22,136 - DEBUG - IBM855 Russian confidence = 0.01
2024-06-21 15:35:22,136 - DEBUG - ISO-8859-7 Greek confidence = 0.01
2024-06-21 15:35:22,136 - DEBUG - windows-1253 Greek confidence = 0.01
2024-06-21 15:35:22,136 - DEBUG - ISO-8859-5 Bulgarian confidence = 0.01
2024-06-21 15:35:22,136 - DEBUG - windows-1251 Bulgarian confidence = 0.01
2024-06-21 15:35:22,136 - DEBUG - TIS-620 Thai confidence = 0.01
2024-06-21 15:35:22,136 - DEBUG - ISO-8859-9 Turkish confidence = 0.5828805087698193
2024-06-21 15:35:22,136 - DEBUG - windows-1255 Hebrew confidence = 0.0
2024-06-21 15:35:22,136 - DEBUG - windows-1255 Hebrew confidence = 0.0
2024-06-21 15:35:22,136 - DEBUG - windows-1255 Hebrew confidence = 0.0
2024-06-21 15:35:22,136 - ERROR - Error processing file 0046.txt: tuple indices must be integers or slices, not str
2024-06-21 15:35:22,137 - ERROR - Error processing file 0064.txt: tuple indices must be integers or slices, not str
2024-06-21 15:35:22,139 - DEBUG - EUC-JP Japanese prober hit error at byte 814
2024-06-21 15:35:22,140 - DEBUG - EUC-KR Korean prober hit error at byte 814
2024-06-21 15:35:22,140 - DEBUG - CP949 Korean prober hit error at byte 814
2024-06-21 15:35:22,140 - DEBUG - Big5 Chinese prober hit error at byte 815
2024-06-21 15:35:22,140 - DEBUG - EUC-TW Taiwan prober hit error at byte 814
2024-06-21 15:35:22,142 - DEBUG - utf-8  confidence = 0.505
2024-06-21 15:35:22,142 - DEBUG - SHIFT_JIS Japanese confidence = 0.01
2024-06-21 15:35:22,142 - DEBUG - EUC-JP not active
2024-06-21 15:35:22,142 - DEBUG - GB2312 Chinese confidence = 0.01
2024-06-21 15:35:22,142 - DEBUG - EUC-KR not active
2024-06-21 15:35:22,142 - DEBUG - CP949 not active
2024-06-21 15:35:22,142 - DEBUG - Big5 not active
2024-06-21 15:35:22,142 - DEBUG - EUC-TW not active
2024-06-21 15:35:22,142 - DEBUG - windows-1251 Russian confidence = 0.01
2024-06-21 15:35:22,142 - DEBUG - KOI8-R Russian confidence = 0.01
2024-06-21 15:35:22,142 - DEBUG - ISO-8859-5 Russian confidence = 0.01
2024-06-21 15:35:22,142 - DEBUG - MacCyrillic Russian confidence = 0.0
2024-06-21 15:35:22,142 - DEBUG - IBM866 Russian confidence = 0.0
2024-06-21 15:35:22,142 - DEBUG - IBM855 Russian confidence = 0.01
2024-06-21 15:35:22,142 - DEBUG - ISO-8859-7 Greek confidence = 0.01
2024-06-21 15:35:22,142 - DEBUG - windows-1253 Greek confidence = 0.01
2024-06-21 15:35:22,142 - DEBUG - ISO-8859-5 Bulgarian confidence = 0.01
2024-06-21 15:35:22,142 - DEBUG - windows-1251 Bulgarian confidence = 0.01
2024-06-21 15:35:22,142 - DEBUG - TIS-620 Thai confidence = 0.01
2024-06-21 15:35:22,142 - DEBUG - ISO-8859-9 Turkish confidence = 0.6145511464273541
2024-06-21 15:35:22,142 - DEBUG - windows-1255 Hebrew confidence = 0.0
2024-06-21 15:35:22,142 - DEBUG - windows-1255 Hebrew confidence = 0.0
2024-06-21 15:35:22,142 - DEBUG - windows-1255 Hebrew confidence = 0.0
2024-06-21 15:35:22,142 - ERROR - Error processing file 0068.txt: tuple indices must be integers or slices, not str
2024-06-21 15:35:22,143 - ERROR - Error processing file 0070.txt: tuple indices must be integers or slices, not str
2024-06-21 15:35:22,144 - DEBUG - EUC-JP Japanese prober hit error at byte 351
2024-06-21 15:35:22,145 - DEBUG - EUC-KR Korean prober hit error at byte 351
2024-06-21 15:35:22,145 - DEBUG - CP949 Korean prober hit error at byte 351
2024-06-21 15:35:22,145 - DEBUG - Big5 Chinese prober hit error at byte 352
2024-06-21 15:35:22,145 - DEBUG - EUC-TW Taiwan prober hit error at byte 351
2024-06-21 15:35:22,147 - DEBUG - utf-8  confidence = 0.87625
2024-06-21 15:35:22,147 - DEBUG - SHIFT_JIS Japanese confidence = 0.01
2024-06-21 15:35:22,147 - DEBUG - EUC-JP not active
2024-06-21 15:35:22,147 - DEBUG - GB2312 Chinese confidence = 0.01
2024-06-21 15:35:22,147 - DEBUG - EUC-KR not active
2024-06-21 15:35:22,147 - DEBUG - CP949 not active
2024-06-21 15:35:22,147 - DEBUG - Big5 not active
2024-06-21 15:35:22,147 - DEBUG - EUC-TW not active
2024-06-21 15:35:22,147 - DEBUG - windows-1251 Russian confidence = 0.01
2024-06-21 15:35:22,147 - DEBUG - KOI8-R Russian confidence = 0.01
2024-06-21 15:35:22,147 - DEBUG - ISO-8859-5 Russian confidence = 0.01
2024-06-21 15:35:22,147 - DEBUG - MacCyrillic Russian confidence = 0.0
2024-06-21 15:35:22,147 - DEBUG - IBM866 Russian confidence = 0.0
2024-06-21 15:35:22,147 - DEBUG - IBM855 Russian confidence = 0.01
2024-06-21 15:35:22,147 - DEBUG - ISO-8859-7 Greek confidence = 0.0
2024-06-21 15:35:22,147 - DEBUG - windows-1253 Greek confidence = 0.0
2024-06-21 15:35:22,147 - DEBUG - ISO-8859-5 Bulgarian confidence = 0.01
2024-06-21 15:35:22,147 - DEBUG - windows-1251 Bulgarian confidence = 0.01
2024-06-21 15:35:22,148 - DEBUG - TIS-620 Thai confidence = 0.01
2024-06-21 15:35:22,148 - DEBUG - ISO-8859-9 Turkish confidence = 0.5773831980375089
2024-06-21 15:35:22,148 - DEBUG - windows-1255 Hebrew confidence = 0.0
2024-06-21 15:35:22,148 - DEBUG - windows-1255 Hebrew confidence = 0.0
2024-06-21 15:35:22,148 - DEBUG - windows-1255 Hebrew confidence = 0.0
2024-06-21 15:35:22,148 - DEBUG - utf-8  confidence = 0.87625
2024-06-21 15:35:22,148 - DEBUG - SHIFT_JIS Japanese confidence = 0.01
2024-06-21 15:35:22,148 - DEBUG - EUC-JP not active
2024-06-21 15:35:22,148 - DEBUG - GB2312 Chinese confidence = 0.01
2024-06-21 15:35:22,148 - DEBUG - EUC-KR not active
2024-06-21 15:35:22,148 - DEBUG - CP949 not active
2024-06-21 15:35:22,148 - DEBUG - Big5 not active
2024-06-21 15:35:22,148 - DEBUG - EUC-TW not active
2024-06-21 15:35:22,148 - ERROR - Error processing file 0017.txt: tuple indices must be integers or slices, not str
2024-06-21 15:35:22,149 - ERROR - Error processing file 0027.txt: tuple indices must be integers or slices, not str
2024-06-21 15:35:22,149 - ERROR - Error processing file 0065.txt: tuple indices must be integers or slices, not str
2024-06-21 15:35:22,149 - ERROR - Error processing file 0031.txt: tuple indices must be integers or slices, not str
2024-06-21 15:35:22,150 - ERROR - Error processing file 0008.txt: tuple indices must be integers or slices, not str
2024-06-21 15:35:22,150 - ERROR - Error processing file 0035.txt: tuple indices must be integers or slices, not str
2024-06-21 15:35:22,151 - ERROR - Error processing file 0049.txt: tuple indices must be integers or slices, not str
2024-06-21 15:35:22,151 - ERROR - Error processing file 0045.txt: tuple indices must be integers or slices, not str
2024-06-21 15:35:22,154 - DEBUG - EUC-JP Japanese prober hit error at byte 1533
2024-06-21 15:35:22,156 - DEBUG - EUC-KR Korean prober hit error at byte 1533
2024-06-21 15:35:22,156 - DEBUG - CP949 Korean prober hit error at byte 1533
2024-06-21 15:35:22,157 - DEBUG - Big5 Chinese prober hit error at byte 1534
2024-06-21 15:35:22,157 - DEBUG - EUC-TW Taiwan prober hit error at byte 1533
2024-06-21 15:35:22,160 - DEBUG - utf-8  confidence = 0.505
2024-06-21 15:35:22,160 - DEBUG - SHIFT_JIS Japanese confidence = 0.01
2024-06-21 15:35:22,160 - DEBUG - EUC-JP not active
2024-06-21 15:35:22,160 - DEBUG - GB2312 Chinese confidence = 0.01
2024-06-21 15:35:22,160 - DEBUG - EUC-KR not active
2024-06-21 15:35:22,160 - DEBUG - CP949 not active
2024-06-21 15:35:22,160 - DEBUG - Big5 not active
2024-06-21 15:35:22,160 - DEBUG - EUC-TW not active
2024-06-21 15:35:22,160 - DEBUG - windows-1251 Russian confidence = 0.01
2024-06-21 15:35:22,160 - DEBUG - KOI8-R Russian confidence = 0.01
2024-06-21 15:35:22,160 - DEBUG - ISO-8859-5 Russian confidence = 0.01
2024-06-21 15:35:22,160 - DEBUG - MacCyrillic Russian confidence = 0.0
2024-06-21 15:35:22,160 - DEBUG - IBM866 Russian confidence = 0.0
2024-06-21 15:35:22,160 - DEBUG - IBM855 Russian confidence = 0.01
2024-06-21 15:35:22,160 - DEBUG - ISO-8859-7 Greek confidence = 0.0
2024-06-21 15:35:22,160 - DEBUG - windows-1253 Greek confidence = 0.0
2024-06-21 15:35:22,160 - DEBUG - ISO-8859-5 Bulgarian confidence = 0.01
2024-06-21 15:35:22,160 - DEBUG - windows-1251 Bulgarian confidence = 0.01
2024-06-21 15:35:22,160 - DEBUG - TIS-620 Thai confidence = 0.01
2024-06-21 15:35:22,160 - DEBUG - ISO-8859-9 Turkish confidence = 0.5921610046837212
2024-06-21 15:35:22,160 - DEBUG - windows-1255 Hebrew confidence = 0.0
2024-06-21 15:35:22,160 - DEBUG - windows-1255 Hebrew confidence = 0.0
2024-06-21 15:35:22,160 - DEBUG - windows-1255 Hebrew confidence = 0.0
2024-06-21 15:35:22,160 - ERROR - Error processing file 0063.txt: tuple indices must be integers or slices, not str
2024-06-21 15:35:22,161 - DEBUG - EUC-JP Japanese prober hit error at byte 426
2024-06-21 15:35:22,162 - DEBUG - EUC-KR Korean prober hit error at byte 426
2024-06-21 15:35:22,162 - DEBUG - CP949 Korean prober hit error at byte 426
2024-06-21 15:35:22,162 - DEBUG - Big5 Chinese prober hit error at byte 427
2024-06-21 15:35:22,162 - DEBUG - EUC-TW Taiwan prober hit error at byte 426
2024-06-21 15:35:22,163 - DEBUG - utf-8  confidence = 0.505
2024-06-21 15:35:22,163 - DEBUG - SHIFT_JIS Japanese confidence = 0.01
2024-06-21 15:35:22,163 - DEBUG - EUC-JP not active
2024-06-21 15:35:22,163 - DEBUG - GB2312 Chinese confidence = 0.01
2024-06-21 15:35:22,163 - DEBUG - EUC-KR not active
2024-06-21 15:35:22,163 - DEBUG - CP949 not active
2024-06-21 15:35:22,163 - DEBUG - Big5 not active
2024-06-21 15:35:22,163 - DEBUG - EUC-TW not active
2024-06-21 15:35:22,163 - DEBUG - windows-1251 Russian confidence = 0.01
2024-06-21 15:35:22,163 - DEBUG - KOI8-R Russian confidence = 0.01
2024-06-21 15:35:22,163 - DEBUG - ISO-8859-5 Russian confidence = 0.01
2024-06-21 15:35:22,163 - DEBUG - MacCyrillic Russian confidence = 0.0
2024-06-21 15:35:22,163 - DEBUG - IBM866 Russian confidence = 0.0
2024-06-21 15:35:22,163 - DEBUG - IBM855 Russian confidence = 0.01
2024-06-21 15:35:22,163 - DEBUG - ISO-8859-7 Greek confidence = 0.0
2024-06-21 15:35:22,163 - DEBUG - windows-1253 Greek confidence = 0.0
2024-06-21 15:35:22,163 - DEBUG - ISO-8859-5 Bulgarian confidence = 0.01
2024-06-21 15:35:22,163 - DEBUG - windows-1251 Bulgarian confidence = 0.01
2024-06-21 15:35:22,163 - DEBUG - TIS-620 Thai confidence = 0.01
2024-06-21 15:35:22,163 - DEBUG - ISO-8859-9 Turkish confidence = 0.5296677583315623
2024-06-21 15:35:22,163 - DEBUG - windows-1255 Hebrew confidence = 0.0
2024-06-21 15:35:22,163 - DEBUG - windows-1255 Hebrew confidence = 0.0
2024-06-21 15:35:22,163 - DEBUG - windows-1255 Hebrew confidence = 0.0
2024-06-21 15:35:22,163 - ERROR - Error processing file 0057.txt: tuple indices must be integers or slices, not str
2024-06-21 15:35:22,169 - DEBUG - EUC-JP Japanese prober hit error at byte 1509
2024-06-21 15:35:22,171 - DEBUG - EUC-KR Korean prober hit error at byte 1509
2024-06-21 15:35:22,171 - DEBUG - CP949 Korean prober hit error at byte 1509
2024-06-21 15:35:22,172 - DEBUG - Big5 Chinese prober hit error at byte 1510
2024-06-21 15:35:22,172 - DEBUG - EUC-TW Taiwan prober hit error at byte 1509
2024-06-21 15:35:22,174 - DEBUG - utf-8  confidence = 0.505
2024-06-21 15:35:22,174 - DEBUG - SHIFT_JIS Japanese confidence = 0.01
2024-06-21 15:35:22,174 - DEBUG - EUC-JP not active
2024-06-21 15:35:22,174 - DEBUG - GB2312 Chinese confidence = 0.01
2024-06-21 15:35:22,174 - DEBUG - EUC-KR not active
2024-06-21 15:35:22,174 - DEBUG - CP949 not active
2024-06-21 15:35:22,174 - DEBUG - Big5 not active
2024-06-21 15:35:22,174 - DEBUG - EUC-TW not active
2024-06-21 15:35:22,174 - DEBUG - windows-1251 Russian confidence = 0.01
2024-06-21 15:35:22,174 - DEBUG - KOI8-R Russian confidence = 0.01
2024-06-21 15:35:22,174 - DEBUG - ISO-8859-5 Russian confidence = 0.01
2024-06-21 15:35:22,174 - DEBUG - MacCyrillic Russian confidence = 0.0
2024-06-21 15:35:22,174 - DEBUG - IBM866 Russian confidence = 0.0
2024-06-21 15:35:22,174 - DEBUG - IBM855 Russian confidence = 0.01
2024-06-21 15:35:22,174 - DEBUG - ISO-8859-7 Greek confidence = 0.01
2024-06-21 15:35:22,174 - DEBUG - windows-1253 Greek confidence = 0.01
2024-06-21 15:35:22,174 - DEBUG - ISO-8859-5 Bulgarian confidence = 0.01
2024-06-21 15:35:22,174 - DEBUG - windows-1251 Bulgarian confidence = 0.01
2024-06-21 15:35:22,175 - DEBUG - TIS-620 Thai confidence = 0.01
2024-06-21 15:35:22,175 - DEBUG - ISO-8859-9 Turkish confidence = 0.5829203829871805
2024-06-21 15:35:22,175 - DEBUG - windows-1255 Hebrew confidence = 0.0
2024-06-21 15:35:22,175 - DEBUG - windows-1255 Hebrew confidence = 0.01
2024-06-21 15:35:22,175 - DEBUG - windows-1255 Hebrew confidence = 0.01
2024-06-21 15:35:22,175 - ERROR - Error processing file 0021.txt: tuple indices must be integers or slices, not str
2024-06-21 15:35:22,175 - ERROR - Error processing file 0038.txt: tuple indices must be integers or slices, not str
2024-06-21 15:35:22,176 - ERROR - Error processing file 0010.txt: tuple indices must be integers or slices, not str
2024-06-21 15:35:22,176 - ERROR - Error processing file 0074.txt: tuple indices must be integers or slices, not str
2024-06-21 15:35:22,176 - ERROR - Error processing file 0039.txt: tuple indices must be integers or slices, not str
2024-06-21 15:35:22,177 - ERROR - Error processing file 0059.txt: tuple indices must be integers or slices, not str
2024-06-21 15:35:22,180 - DEBUG - EUC-JP Japanese prober hit error at byte 815
2024-06-21 15:35:22,181 - DEBUG - EUC-KR Korean prober hit error at byte 815
2024-06-21 15:35:22,181 - DEBUG - CP949 Korean prober hit error at byte 815
2024-06-21 15:35:22,182 - DEBUG - Big5 Chinese prober hit error at byte 816
2024-06-21 15:35:22,182 - DEBUG - EUC-TW Taiwan prober hit error at byte 815
2024-06-21 15:35:22,184 - DEBUG - utf-8  confidence = 0.505
2024-06-21 15:35:22,184 - DEBUG - SHIFT_JIS Japanese confidence = 0.01
2024-06-21 15:35:22,184 - DEBUG - EUC-JP not active
2024-06-21 15:35:22,184 - DEBUG - GB2312 Chinese confidence = 0.01
2024-06-21 15:35:22,184 - DEBUG - EUC-KR not active
2024-06-21 15:35:22,184 - DEBUG - CP949 not active
2024-06-21 15:35:22,184 - DEBUG - Big5 not active
2024-06-21 15:35:22,184 - DEBUG - EUC-TW not active
2024-06-21 15:35:22,184 - DEBUG - windows-1251 Russian confidence = 0.01
2024-06-21 15:35:22,184 - DEBUG - KOI8-R Russian confidence = 0.01
2024-06-21 15:35:22,184 - DEBUG - ISO-8859-5 Russian confidence = 0.01
2024-06-21 15:35:22,184 - DEBUG - MacCyrillic Russian confidence = 0.0
2024-06-21 15:35:22,184 - DEBUG - IBM866 Russian confidence = 0.0
2024-06-21 15:35:22,184 - DEBUG - IBM855 Russian confidence = 0.01
2024-06-21 15:35:22,184 - DEBUG - ISO-8859-7 Greek confidence = 0.0
2024-06-21 15:35:22,184 - DEBUG - windows-1253 Greek confidence = 0.0
2024-06-21 15:35:22,184 - DEBUG - ISO-8859-5 Bulgarian confidence = 0.01
2024-06-21 15:35:22,184 - DEBUG - windows-1251 Bulgarian confidence = 0.01
2024-06-21 15:35:22,184 - DEBUG - TIS-620 Thai confidence = 0.01
2024-06-21 15:35:22,184 - DEBUG - ISO-8859-9 Turkish confidence = 0.588171721626968
2024-06-21 15:35:22,184 - DEBUG - windows-1255 Hebrew confidence = 0.0
2024-06-21 15:35:22,184 - DEBUG - windows-1255 Hebrew confidence = 0.0
2024-06-21 15:35:22,184 - DEBUG - windows-1255 Hebrew confidence = 0.0
2024-06-21 15:35:22,184 - ERROR - Error processing file 0020.txt: tuple indices must be integers or slices, not str
2024-06-21 15:35:22,185 - ERROR - Error processing file 0030.txt: tuple indices must be integers or slices, not str
2024-06-21 15:35:22,185 - ERROR - Error processing file 0025.txt: tuple indices must be integers or slices, not str
2024-06-21 15:35:22,187 - DEBUG - EUC-JP Japanese prober hit error at byte 378
2024-06-21 15:35:22,187 - DEBUG - EUC-KR Korean prober hit error at byte 378
2024-06-21 15:35:22,187 - DEBUG - CP949 Korean prober hit error at byte 378
2024-06-21 15:35:22,187 - DEBUG - Big5 Chinese prober hit error at byte 379
2024-06-21 15:35:22,187 - DEBUG - EUC-TW Taiwan prober hit error at byte 378
2024-06-21 15:35:22,189 - DEBUG - utf-8  confidence = 0.505
2024-06-21 15:35:22,189 - DEBUG - SHIFT_JIS Japanese confidence = 0.01
2024-06-21 15:35:22,189 - DEBUG - EUC-JP not active
2024-06-21 15:35:22,189 - DEBUG - GB2312 Chinese confidence = 0.01
2024-06-21 15:35:22,189 - DEBUG - EUC-KR not active
2024-06-21 15:35:22,189 - DEBUG - CP949 not active
2024-06-21 15:35:22,189 - DEBUG - Big5 not active
2024-06-21 15:35:22,189 - DEBUG - EUC-TW not active
2024-06-21 15:35:22,189 - DEBUG - windows-1251 Russian confidence = 0.01
2024-06-21 15:35:22,189 - DEBUG - KOI8-R Russian confidence = 0.01
2024-06-21 15:35:22,189 - DEBUG - ISO-8859-5 Russian confidence = 0.01
2024-06-21 15:35:22,189 - DEBUG - MacCyrillic Russian confidence = 0.0
2024-06-21 15:35:22,189 - DEBUG - IBM866 Russian confidence = 0.0
2024-06-21 15:35:22,189 - DEBUG - IBM855 Russian confidence = 0.01
2024-06-21 15:35:22,189 - DEBUG - ISO-8859-7 Greek confidence = 0.0
2024-06-21 15:35:22,189 - DEBUG - windows-1253 Greek confidence = 0.0
2024-06-21 15:35:22,189 - DEBUG - ISO-8859-5 Bulgarian confidence = 0.01
2024-06-21 15:35:22,189 - DEBUG - windows-1251 Bulgarian confidence = 0.01
2024-06-21 15:35:22,189 - DEBUG - TIS-620 Thai confidence = 0.01
2024-06-21 15:35:22,190 - DEBUG - ISO-8859-9 Turkish confidence = 0.590649733196538
2024-06-21 15:35:22,190 - DEBUG - windows-1255 Hebrew confidence = 0.0
2024-06-21 15:35:22,190 - DEBUG - windows-1255 Hebrew confidence = 0.0
2024-06-21 15:35:22,190 - DEBUG - windows-1255 Hebrew confidence = 0.0
2024-06-21 15:35:22,190 - ERROR - Error processing file 0058.txt: tuple indices must be integers or slices, not str
2024-06-21 15:35:22,191 - DEBUG - EUC-JP Japanese prober hit error at byte 473
2024-06-21 15:35:22,191 - DEBUG - EUC-KR Korean prober hit error at byte 473
2024-06-21 15:35:22,191 - DEBUG - CP949 Korean prober hit error at byte 473
2024-06-21 15:35:22,191 - DEBUG - Big5 Chinese prober hit error at byte 474
2024-06-21 15:35:22,191 - DEBUG - EUC-TW Taiwan prober hit error at byte 473
2024-06-21 15:35:22,192 - DEBUG - utf-8  confidence = 0.505
2024-06-21 15:35:22,192 - DEBUG - SHIFT_JIS Japanese confidence = 0.01
2024-06-21 15:35:22,192 - DEBUG - EUC-JP not active
2024-06-21 15:35:22,192 - DEBUG - GB2312 Chinese confidence = 0.01
2024-06-21 15:35:22,192 - DEBUG - EUC-KR not active
2024-06-21 15:35:22,192 - DEBUG - CP949 not active
2024-06-21 15:35:22,192 - DEBUG - Big5 not active
2024-06-21 15:35:22,192 - DEBUG - EUC-TW not active
2024-06-21 15:35:22,192 - DEBUG - windows-1251 Russian confidence = 0.01
2024-06-21 15:35:22,192 - DEBUG - KOI8-R Russian confidence = 0.01
2024-06-21 15:35:22,192 - DEBUG - ISO-8859-5 Russian confidence = 0.01
2024-06-21 15:35:22,192 - DEBUG - MacCyrillic Russian confidence = 0.0
2024-06-21 15:35:22,192 - DEBUG - IBM866 Russian confidence = 0.0
2024-06-21 15:35:22,192 - DEBUG - IBM855 Russian confidence = 0.01
2024-06-21 15:35:22,192 - DEBUG - ISO-8859-7 Greek confidence = 0.01
2024-06-21 15:35:22,192 - DEBUG - windows-1253 Greek confidence = 0.01
2024-06-21 15:35:22,192 - DEBUG - ISO-8859-5 Bulgarian confidence = 0.01
2024-06-21 15:35:22,192 - DEBUG - windows-1251 Bulgarian confidence = 0.01
2024-06-21 15:35:22,192 - DEBUG - TIS-620 Thai confidence = 0.01
2024-06-21 15:35:22,192 - DEBUG - ISO-8859-9 Turkish confidence = 0.6151483545109029
2024-06-21 15:35:22,192 - DEBUG - windows-1255 Hebrew confidence = 0.0
2024-06-21 15:35:22,192 - DEBUG - windows-1255 Hebrew confidence = 0.0
2024-06-21 15:35:22,192 - DEBUG - windows-1255 Hebrew confidence = 0.0
2024-06-21 15:35:22,192 - ERROR - Error processing file 0019.txt: tuple indices must be integers or slices, not str
2024-06-21 15:35:22,193 - ERROR - Error processing file 0042.txt: tuple indices must be integers or slices, not str
2024-06-21 15:35:22,195 - DEBUG - EUC-JP Japanese prober hit error at byte 1533
2024-06-21 15:35:22,197 - DEBUG - EUC-KR Korean prober hit error at byte 1533
2024-06-21 15:35:22,197 - DEBUG - CP949 Korean prober hit error at byte 1533
2024-06-21 15:35:22,198 - DEBUG - Big5 Chinese prober hit error at byte 1534
2024-06-21 15:35:22,198 - DEBUG - EUC-TW Taiwan prober hit error at byte 1533
2024-06-21 15:35:22,200 - DEBUG - utf-8  confidence = 0.505
2024-06-21 15:35:22,200 - DEBUG - SHIFT_JIS Japanese confidence = 0.01
2024-06-21 15:35:22,200 - DEBUG - EUC-JP not active
2024-06-21 15:35:22,200 - DEBUG - GB2312 Chinese confidence = 0.01
2024-06-21 15:35:22,200 - DEBUG - EUC-KR not active
2024-06-21 15:35:22,200 - DEBUG - CP949 not active
2024-06-21 15:35:22,200 - DEBUG - Big5 not active
2024-06-21 15:35:22,200 - DEBUG - EUC-TW not active
2024-06-21 15:35:22,200 - DEBUG - windows-1251 Russian confidence = 0.01
2024-06-21 15:35:22,200 - DEBUG - KOI8-R Russian confidence = 0.01
2024-06-21 15:35:22,200 - DEBUG - ISO-8859-5 Russian confidence = 0.01
2024-06-21 15:35:22,200 - DEBUG - MacCyrillic Russian confidence = 0.0
2024-06-21 15:35:22,200 - DEBUG - IBM866 Russian confidence = 0.0
2024-06-21 15:35:22,200 - DEBUG - IBM855 Russian confidence = 0.01
2024-06-21 15:35:22,200 - DEBUG - ISO-8859-7 Greek confidence = 0.0
2024-06-21 15:35:22,200 - DEBUG - windows-1253 Greek confidence = 0.0
2024-06-21 15:35:22,200 - DEBUG - ISO-8859-5 Bulgarian confidence = 0.01
2024-06-21 15:35:22,200 - DEBUG - windows-1251 Bulgarian confidence = 0.01
2024-06-21 15:35:22,200 - DEBUG - TIS-620 Thai confidence = 0.01
2024-06-21 15:35:22,200 - DEBUG - ISO-8859-9 Turkish confidence = 0.5942097093088146
2024-06-21 15:35:22,200 - DEBUG - windows-1255 Hebrew confidence = 0.0
2024-06-21 15:35:22,200 - DEBUG - windows-1255 Hebrew confidence = 0.0
2024-06-21 15:35:22,200 - DEBUG - windows-1255 Hebrew confidence = 0.0
2024-06-21 15:35:22,200 - ERROR - Error processing file 0060.txt: tuple indices must be integers or slices, not str
2024-06-21 15:35:22,201 - ERROR - Error processing file 0071.txt: tuple indices must be integers or slices, not str
2024-06-21 15:35:22,202 - ERROR - Error processing file 0047.txt: tuple indices must be integers or slices, not str
2024-06-21 15:35:22,202 - ERROR - Error processing file 0034.txt: tuple indices must be integers or slices, not str
2024-06-21 15:37:52,579 - DEBUG - handle_msg[6a1960fca1a14cfca370418102deb766]({'header': {'date': datetime.datetime(2024, 6, 21, 20, 37, 52, 575000, tzinfo=tzutc()), 'msg_id': '035743c2-0847-4bce-bdf9-bea05c0bec93', 'msg_type': 'comm_msg', 'session': '4c256438-0aab-42e0-824d-255bdeafcd93', 'username': 'f03c4bed-5e30-4a65-84b1-314431714024', 'version': '5.2'}, 'msg_id': '035743c2-0847-4bce-bdf9-bea05c0bec93', 'msg_type': 'comm_msg', 'parent_header': {}, 'metadata': {}, 'content': {'comm_id': '6a1960fca1a14cfca370418102deb766', 'data': {'method': 'update', 'state': {'outputs': [{'output_type': 'display_data', 'data': {'text/plain': '<IPython.core.display.HTML object>', 'text/html': '\n                    <style>\n                        .email-view {\n                            width: 32%;\n                            overflow-wrap: break-word;\n                            white-space: pre-wrap;\n                            text-align: left;\n                            padding: 10px;\n                        }\n                        table {\n                            width: 100%;\n                            table-layout: fixed;\n                            border-collapse: collapse;\n                        }\n                        td {\n                            vertical-align: top;\n                            border: 1px solid #ccc;\n                        }\n                        mark {\n                            background-color: yellow;\n                            font-weight: bold;\n                        }\n                    </style>\n                    <table>\n                        <tr>\n                            <td class="email-view"><b>Original Email (with highlights):</b><br>From:    Jane Doe <jane.doe@example.com>\nSent:    Monday, May 26, 2024 9:15 AM\nTo:      Customer Support <support@businessdomain.com>\nSubject: Inquiry About Product Discounts\n\nHello,\n\nI was trying to navigate through your online portal and noticed several discounts for different products. However, I\'m unsure about how to apply the member-exclusive discounts that are mentioned in the menu section. Could you guide me on how this works?\n\nThanks,\nJane</td>\n                            <td class="email-view"><b>Email Without Unwanted Texts:</b><br>From:    Jane Doe <jane.doe@example.com>\nSent:    Monday, May 26, 2024 9:15 AM\nTo:      Customer Support <support@businessdomain.com>\nSubject: Inquiry About Product Discounts\n\nHello,\n\nI was trying to navigate through your online portal and noticed several discounts for different products. However, I\'m unsure about how to apply the member-exclusive discounts that are mentioned in the menu section. Could you guide me on how this works?\n\nThanks,\nJane</td>\n                            <td class="email-view"><b>Processed Email:</b><br>from jane doe sent monday may am to customer support support subject inquiry about product discounts hello trying navigate online portal noticed several discount different product however unsure apply discount mentioned menu section could guide work thanks jane</td>\n                        </tr>\n                    </table>\n                    '}, 'metadata': {}}]}, 'buffer_paths': []}}, 'buffers': []})
2024-06-21 15:37:52,601 - DEBUG - EUC-JP Japanese prober hit error at byte 1185
2024-06-21 15:37:52,602 - DEBUG - EUC-KR Korean prober hit error at byte 1185
2024-06-21 15:37:52,603 - DEBUG - CP949 Korean prober hit error at byte 1185
2024-06-21 15:37:52,603 - DEBUG - Big5 Chinese prober hit error at byte 1186
2024-06-21 15:37:52,604 - DEBUG - EUC-TW Taiwan prober hit error at byte 1185
2024-06-21 15:37:52,608 - DEBUG - utf-8  confidence = 0.7525
2024-06-21 15:37:52,608 - DEBUG - SHIFT_JIS Japanese confidence = 0.01
2024-06-21 15:37:52,608 - DEBUG - EUC-JP not active
2024-06-21 15:37:52,608 - DEBUG - GB2312 Chinese confidence = 0.01
2024-06-21 15:37:52,608 - DEBUG - EUC-KR not active
2024-06-21 15:37:52,608 - DEBUG - CP949 not active
2024-06-21 15:37:52,608 - DEBUG - Big5 not active
2024-06-21 15:37:52,608 - DEBUG - EUC-TW not active
2024-06-21 15:37:52,608 - DEBUG - windows-1251 Russian confidence = 0.01
2024-06-21 15:37:52,608 - DEBUG - KOI8-R Russian confidence = 0.01
2024-06-21 15:37:52,608 - DEBUG - ISO-8859-5 Russian confidence = 0.01
2024-06-21 15:37:52,608 - DEBUG - MacCyrillic Russian confidence = 0.0
2024-06-21 15:37:52,608 - DEBUG - IBM866 Russian confidence = 0.0
2024-06-21 15:37:52,608 - DEBUG - IBM855 Russian confidence = 0.01
2024-06-21 15:37:52,608 - DEBUG - ISO-8859-7 Greek confidence = 0.01
2024-06-21 15:37:52,608 - DEBUG - windows-1253 Greek confidence = 0.01
2024-06-21 15:37:52,608 - DEBUG - ISO-8859-5 Bulgarian confidence = 0.01
2024-06-21 15:37:52,608 - DEBUG - windows-1251 Bulgarian confidence = 0.01
2024-06-21 15:37:52,608 - DEBUG - TIS-620 Thai confidence = 0.01
2024-06-21 15:37:52,608 - DEBUG - ISO-8859-9 Turkish confidence = 0.5321550136386491
2024-06-21 15:37:52,608 - DEBUG - windows-1255 Hebrew confidence = 0.0
2024-06-21 15:37:52,608 - DEBUG - windows-1255 Hebrew confidence = 0.0
2024-06-21 15:37:52,608 - DEBUG - windows-1255 Hebrew confidence = 0.0
2024-06-21 15:37:52,608 - DEBUG - utf-8  confidence = 0.7525
2024-06-21 15:37:52,608 - DEBUG - SHIFT_JIS Japanese confidence = 0.01
2024-06-21 15:37:52,608 - DEBUG - EUC-JP not active
2024-06-21 15:37:52,608 - DEBUG - GB2312 Chinese confidence = 0.01
2024-06-21 15:37:52,608 - DEBUG - EUC-KR not active
2024-06-21 15:37:52,608 - DEBUG - CP949 not active
2024-06-21 15:37:52,608 - DEBUG - Big5 not active
2024-06-21 15:37:52,608 - DEBUG - EUC-TW not active
2024-06-21 15:37:52,619 - DEBUG - EUC-JP Japanese prober hit error at byte 378
2024-06-21 15:37:52,619 - DEBUG - EUC-KR Korean prober hit error at byte 378
2024-06-21 15:37:52,620 - DEBUG - CP949 Korean prober hit error at byte 378
2024-06-21 15:37:52,620 - DEBUG - Big5 Chinese prober hit error at byte 379
2024-06-21 15:37:52,620 - DEBUG - EUC-TW Taiwan prober hit error at byte 378
2024-06-21 15:37:52,622 - DEBUG - utf-8  confidence = 0.505
2024-06-21 15:37:52,622 - DEBUG - SHIFT_JIS Japanese confidence = 0.01
2024-06-21 15:37:52,622 - DEBUG - EUC-JP not active
2024-06-21 15:37:52,622 - DEBUG - GB2312 Chinese confidence = 0.01
2024-06-21 15:37:52,622 - DEBUG - EUC-KR not active
2024-06-21 15:37:52,622 - DEBUG - CP949 not active
2024-06-21 15:37:52,622 - DEBUG - Big5 not active
2024-06-21 15:37:52,622 - DEBUG - EUC-TW not active
2024-06-21 15:37:52,622 - DEBUG - windows-1251 Russian confidence = 0.01
2024-06-21 15:37:52,622 - DEBUG - KOI8-R Russian confidence = 0.01
2024-06-21 15:37:52,622 - DEBUG - ISO-8859-5 Russian confidence = 0.01
2024-06-21 15:37:52,622 - DEBUG - MacCyrillic Russian confidence = 0.0
2024-06-21 15:37:52,622 - DEBUG - IBM866 Russian confidence = 0.0
2024-06-21 15:37:52,622 - DEBUG - IBM855 Russian confidence = 0.01
2024-06-21 15:37:52,622 - DEBUG - ISO-8859-7 Greek confidence = 0.0
2024-06-21 15:37:52,622 - DEBUG - windows-1253 Greek confidence = 0.0
2024-06-21 15:37:52,622 - DEBUG - ISO-8859-5 Bulgarian confidence = 0.01
2024-06-21 15:37:52,622 - DEBUG - windows-1251 Bulgarian confidence = 0.01
2024-06-21 15:37:52,622 - DEBUG - TIS-620 Thai confidence = 0.01
2024-06-21 15:37:52,622 - DEBUG - ISO-8859-9 Turkish confidence = 0.5842903017423253
2024-06-21 15:37:52,622 - DEBUG - windows-1255 Hebrew confidence = 0.0
2024-06-21 15:37:52,622 - DEBUG - windows-1255 Hebrew confidence = 0.0
2024-06-21 15:37:52,622 - DEBUG - windows-1255 Hebrew confidence = 0.0
2024-06-21 15:37:52,640 - DEBUG - EUC-JP Japanese prober hit error at byte 795
2024-06-21 15:37:52,641 - DEBUG - EUC-KR Korean prober hit error at byte 795
2024-06-21 15:37:52,641 - DEBUG - CP949 Korean prober hit error at byte 795
2024-06-21 15:37:52,641 - DEBUG - Big5 Chinese prober hit error at byte 796
2024-06-21 15:37:52,642 - DEBUG - EUC-TW Taiwan prober hit error at byte 795
2024-06-21 15:37:52,643 - DEBUG - utf-8  confidence = 0.505
2024-06-21 15:37:52,643 - DEBUG - SHIFT_JIS Japanese confidence = 0.01
2024-06-21 15:37:52,643 - DEBUG - EUC-JP not active
2024-06-21 15:37:52,643 - DEBUG - GB2312 Chinese confidence = 0.01
2024-06-21 15:37:52,643 - DEBUG - EUC-KR not active
2024-06-21 15:37:52,643 - DEBUG - CP949 not active
2024-06-21 15:37:52,643 - DEBUG - Big5 not active
2024-06-21 15:37:52,643 - DEBUG - EUC-TW not active
2024-06-21 15:37:52,643 - DEBUG - windows-1251 Russian confidence = 0.01
2024-06-21 15:37:52,643 - DEBUG - KOI8-R Russian confidence = 0.01
2024-06-21 15:37:52,643 - DEBUG - ISO-8859-5 Russian confidence = 0.01
2024-06-21 15:37:52,643 - DEBUG - MacCyrillic Russian confidence = 0.0
2024-06-21 15:37:52,643 - DEBUG - IBM866 Russian confidence = 0.0
2024-06-21 15:37:52,643 - DEBUG - IBM855 Russian confidence = 0.01
2024-06-21 15:37:52,643 - DEBUG - ISO-8859-7 Greek confidence = 0.01
2024-06-21 15:37:52,643 - DEBUG - windows-1253 Greek confidence = 0.01
2024-06-21 15:37:52,643 - DEBUG - ISO-8859-5 Bulgarian confidence = 0.01
2024-06-21 15:37:52,643 - DEBUG - windows-1251 Bulgarian confidence = 0.01
2024-06-21 15:37:52,643 - DEBUG - TIS-620 Thai confidence = 0.01
2024-06-21 15:37:52,643 - DEBUG - ISO-8859-9 Turkish confidence = 0.5561759341728019
2024-06-21 15:37:52,643 - DEBUG - windows-1255 Hebrew confidence = 0.0
2024-06-21 15:37:52,643 - DEBUG - windows-1255 Hebrew confidence = 0.01
2024-06-21 15:37:52,643 - DEBUG - windows-1255 Hebrew confidence = 0.01
2024-06-21 15:37:52,647 - DEBUG - EUC-JP Japanese prober hit error at byte 1131
2024-06-21 15:37:52,647 - DEBUG - EUC-KR Korean prober hit error at byte 1131
2024-06-21 15:37:52,648 - DEBUG - CP949 Korean prober hit error at byte 1131
2024-06-21 15:37:52,648 - DEBUG - Big5 Chinese prober hit error at byte 1132
2024-06-21 15:37:52,648 - DEBUG - EUC-TW Taiwan prober hit error at byte 1131
2024-06-21 15:37:52,650 - DEBUG - utf-8  confidence = 0.505
2024-06-21 15:37:52,650 - DEBUG - SHIFT_JIS Japanese confidence = 0.01
2024-06-21 15:37:52,650 - DEBUG - EUC-JP not active
2024-06-21 15:37:52,650 - DEBUG - GB2312 Chinese confidence = 0.01
2024-06-21 15:37:52,650 - DEBUG - EUC-KR not active
2024-06-21 15:37:52,650 - DEBUG - CP949 not active
2024-06-21 15:37:52,650 - DEBUG - Big5 not active
2024-06-21 15:37:52,650 - DEBUG - EUC-TW not active
2024-06-21 15:37:52,650 - DEBUG - windows-1251 Russian confidence = 0.01
2024-06-21 15:37:52,650 - DEBUG - KOI8-R Russian confidence = 0.01
2024-06-21 15:37:52,650 - DEBUG - ISO-8859-5 Russian confidence = 0.01
2024-06-21 15:37:52,650 - DEBUG - MacCyrillic Russian confidence = 0.0
2024-06-21 15:37:52,650 - DEBUG - IBM866 Russian confidence = 0.0
2024-06-21 15:37:52,650 - DEBUG - IBM855 Russian confidence = 0.01
2024-06-21 15:37:52,650 - DEBUG - ISO-8859-7 Greek confidence = 0.01
2024-06-21 15:37:52,650 - DEBUG - windows-1253 Greek confidence = 0.01
2024-06-21 15:37:52,650 - DEBUG - ISO-8859-5 Bulgarian confidence = 0.01
2024-06-21 15:37:52,650 - DEBUG - windows-1251 Bulgarian confidence = 0.01
2024-06-21 15:37:52,650 - DEBUG - TIS-620 Thai confidence = 0.01
2024-06-21 15:37:52,650 - DEBUG - ISO-8859-9 Turkish confidence = 0.5828805087698193
2024-06-21 15:37:52,650 - DEBUG - windows-1255 Hebrew confidence = 0.0
2024-06-21 15:37:52,650 - DEBUG - windows-1255 Hebrew confidence = 0.0
2024-06-21 15:37:52,650 - DEBUG - windows-1255 Hebrew confidence = 0.0
2024-06-21 15:37:52,653 - DEBUG - EUC-JP Japanese prober hit error at byte 814
2024-06-21 15:37:52,653 - DEBUG - EUC-KR Korean prober hit error at byte 814
2024-06-21 15:37:52,654 - DEBUG - CP949 Korean prober hit error at byte 814
2024-06-21 15:37:52,654 - DEBUG - Big5 Chinese prober hit error at byte 815
2024-06-21 15:37:52,654 - DEBUG - EUC-TW Taiwan prober hit error at byte 814
2024-06-21 15:37:52,655 - DEBUG - utf-8  confidence = 0.505
2024-06-21 15:37:52,655 - DEBUG - SHIFT_JIS Japanese confidence = 0.01
2024-06-21 15:37:52,655 - DEBUG - EUC-JP not active
2024-06-21 15:37:52,655 - DEBUG - GB2312 Chinese confidence = 0.01
2024-06-21 15:37:52,655 - DEBUG - EUC-KR not active
2024-06-21 15:37:52,655 - DEBUG - CP949 not active
2024-06-21 15:37:52,655 - DEBUG - Big5 not active
2024-06-21 15:37:52,655 - DEBUG - EUC-TW not active
2024-06-21 15:37:52,655 - DEBUG - windows-1251 Russian confidence = 0.01
2024-06-21 15:37:52,655 - DEBUG - KOI8-R Russian confidence = 0.01
2024-06-21 15:37:52,655 - DEBUG - ISO-8859-5 Russian confidence = 0.01
2024-06-21 15:37:52,655 - DEBUG - MacCyrillic Russian confidence = 0.0
2024-06-21 15:37:52,655 - DEBUG - IBM866 Russian confidence = 0.0
2024-06-21 15:37:52,655 - DEBUG - IBM855 Russian confidence = 0.01
2024-06-21 15:37:52,655 - DEBUG - ISO-8859-7 Greek confidence = 0.01
2024-06-21 15:37:52,655 - DEBUG - windows-1253 Greek confidence = 0.01
2024-06-21 15:37:52,655 - DEBUG - ISO-8859-5 Bulgarian confidence = 0.01
2024-06-21 15:37:52,655 - DEBUG - windows-1251 Bulgarian confidence = 0.01
2024-06-21 15:37:52,655 - DEBUG - TIS-620 Thai confidence = 0.01
2024-06-21 15:37:52,655 - DEBUG - ISO-8859-9 Turkish confidence = 0.6145511464273541
2024-06-21 15:37:52,655 - DEBUG - windows-1255 Hebrew confidence = 0.0
2024-06-21 15:37:52,655 - DEBUG - windows-1255 Hebrew confidence = 0.0
2024-06-21 15:37:52,655 - DEBUG - windows-1255 Hebrew confidence = 0.0
2024-06-21 15:37:52,658 - DEBUG - EUC-JP Japanese prober hit error at byte 351
2024-06-21 15:37:52,658 - DEBUG - EUC-KR Korean prober hit error at byte 351
2024-06-21 15:37:52,658 - DEBUG - CP949 Korean prober hit error at byte 351
2024-06-21 15:37:52,658 - DEBUG - Big5 Chinese prober hit error at byte 352
2024-06-21 15:37:52,659 - DEBUG - EUC-TW Taiwan prober hit error at byte 351
2024-06-21 15:37:52,660 - DEBUG - utf-8  confidence = 0.87625
2024-06-21 15:37:52,660 - DEBUG - SHIFT_JIS Japanese confidence = 0.01
2024-06-21 15:37:52,660 - DEBUG - EUC-JP not active
2024-06-21 15:37:52,660 - DEBUG - GB2312 Chinese confidence = 0.01
2024-06-21 15:37:52,660 - DEBUG - EUC-KR not active
2024-06-21 15:37:52,660 - DEBUG - CP949 not active
2024-06-21 15:37:52,660 - DEBUG - Big5 not active
2024-06-21 15:37:52,660 - DEBUG - EUC-TW not active
2024-06-21 15:37:52,660 - DEBUG - windows-1251 Russian confidence = 0.01
2024-06-21 15:37:52,660 - DEBUG - KOI8-R Russian confidence = 0.01
2024-06-21 15:37:52,660 - DEBUG - ISO-8859-5 Russian confidence = 0.01
2024-06-21 15:37:52,660 - DEBUG - MacCyrillic Russian confidence = 0.0
2024-06-21 15:37:52,660 - DEBUG - IBM866 Russian confidence = 0.0
2024-06-21 15:37:52,660 - DEBUG - IBM855 Russian confidence = 0.01
2024-06-21 15:37:52,660 - DEBUG - ISO-8859-7 Greek confidence = 0.0
2024-06-21 15:37:52,660 - DEBUG - windows-1253 Greek confidence = 0.0
2024-06-21 15:37:52,660 - DEBUG - ISO-8859-5 Bulgarian confidence = 0.01
2024-06-21 15:37:52,660 - DEBUG - windows-1251 Bulgarian confidence = 0.01
2024-06-21 15:37:52,660 - DEBUG - TIS-620 Thai confidence = 0.01
2024-06-21 15:37:52,660 - DEBUG - ISO-8859-9 Turkish confidence = 0.5773831980375089
2024-06-21 15:37:52,660 - DEBUG - windows-1255 Hebrew confidence = 0.0
2024-06-21 15:37:52,660 - DEBUG - windows-1255 Hebrew confidence = 0.0
2024-06-21 15:37:52,660 - DEBUG - windows-1255 Hebrew confidence = 0.0
2024-06-21 15:37:52,660 - DEBUG - utf-8  confidence = 0.87625
2024-06-21 15:37:52,660 - DEBUG - SHIFT_JIS Japanese confidence = 0.01
2024-06-21 15:37:52,660 - DEBUG - EUC-JP not active
2024-06-21 15:37:52,660 - DEBUG - GB2312 Chinese confidence = 0.01
2024-06-21 15:37:52,660 - DEBUG - EUC-KR not active
2024-06-21 15:37:52,660 - DEBUG - CP949 not active
2024-06-21 15:37:52,660 - DEBUG - Big5 not active
2024-06-21 15:37:52,660 - DEBUG - EUC-TW not active
2024-06-21 15:37:52,668 - DEBUG - EUC-JP Japanese prober hit error at byte 1533
2024-06-21 15:37:52,669 - DEBUG - EUC-KR Korean prober hit error at byte 1533
2024-06-21 15:37:52,669 - DEBUG - CP949 Korean prober hit error at byte 1533
2024-06-21 15:37:52,670 - DEBUG - Big5 Chinese prober hit error at byte 1534
2024-06-21 15:37:52,670 - DEBUG - EUC-TW Taiwan prober hit error at byte 1533
2024-06-21 15:37:52,672 - DEBUG - utf-8  confidence = 0.505
2024-06-21 15:37:52,672 - DEBUG - SHIFT_JIS Japanese confidence = 0.01
2024-06-21 15:37:52,673 - DEBUG - EUC-JP not active
2024-06-21 15:37:52,673 - DEBUG - GB2312 Chinese confidence = 0.01
2024-06-21 15:37:52,673 - DEBUG - EUC-KR not active
2024-06-21 15:37:52,673 - DEBUG - CP949 not active
2024-06-21 15:37:52,673 - DEBUG - Big5 not active
2024-06-21 15:37:52,673 - DEBUG - EUC-TW not active
2024-06-21 15:37:52,673 - DEBUG - windows-1251 Russian confidence = 0.01
2024-06-21 15:37:52,673 - DEBUG - KOI8-R Russian confidence = 0.01
2024-06-21 15:37:52,673 - DEBUG - ISO-8859-5 Russian confidence = 0.01
2024-06-21 15:37:52,673 - DEBUG - MacCyrillic Russian confidence = 0.0
2024-06-21 15:37:52,673 - DEBUG - IBM866 Russian confidence = 0.0
2024-06-21 15:37:52,673 - DEBUG - IBM855 Russian confidence = 0.01
2024-06-21 15:37:52,673 - DEBUG - ISO-8859-7 Greek confidence = 0.0
2024-06-21 15:37:52,673 - DEBUG - windows-1253 Greek confidence = 0.0
2024-06-21 15:37:52,673 - DEBUG - ISO-8859-5 Bulgarian confidence = 0.01
2024-06-21 15:37:52,673 - DEBUG - windows-1251 Bulgarian confidence = 0.01
2024-06-21 15:37:52,673 - DEBUG - TIS-620 Thai confidence = 0.01
2024-06-21 15:37:52,673 - DEBUG - ISO-8859-9 Turkish confidence = 0.5921610046837212
2024-06-21 15:37:52,673 - DEBUG - windows-1255 Hebrew confidence = 0.0
2024-06-21 15:37:52,673 - DEBUG - windows-1255 Hebrew confidence = 0.0
2024-06-21 15:37:52,673 - DEBUG - windows-1255 Hebrew confidence = 0.0
2024-06-21 15:37:52,675 - DEBUG - EUC-JP Japanese prober hit error at byte 426
2024-06-21 15:37:52,675 - DEBUG - EUC-KR Korean prober hit error at byte 426
2024-06-21 15:37:52,675 - DEBUG - CP949 Korean prober hit error at byte 426
2024-06-21 15:37:52,675 - DEBUG - Big5 Chinese prober hit error at byte 427
2024-06-21 15:37:52,675 - DEBUG - EUC-TW Taiwan prober hit error at byte 426
2024-06-21 15:37:52,676 - DEBUG - utf-8  confidence = 0.505
2024-06-21 15:37:52,676 - DEBUG - SHIFT_JIS Japanese confidence = 0.01
2024-06-21 15:37:52,676 - DEBUG - EUC-JP not active
2024-06-21 15:37:52,676 - DEBUG - GB2312 Chinese confidence = 0.01
2024-06-21 15:37:52,676 - DEBUG - EUC-KR not active
2024-06-21 15:37:52,676 - DEBUG - CP949 not active
2024-06-21 15:37:52,676 - DEBUG - Big5 not active
2024-06-21 15:37:52,676 - DEBUG - EUC-TW not active
2024-06-21 15:37:52,676 - DEBUG - windows-1251 Russian confidence = 0.01
2024-06-21 15:37:52,676 - DEBUG - KOI8-R Russian confidence = 0.01
2024-06-21 15:37:52,676 - DEBUG - ISO-8859-5 Russian confidence = 0.01
2024-06-21 15:37:52,676 - DEBUG - MacCyrillic Russian confidence = 0.0
2024-06-21 15:37:52,676 - DEBUG - IBM866 Russian confidence = 0.0
2024-06-21 15:37:52,676 - DEBUG - IBM855 Russian confidence = 0.01
2024-06-21 15:37:52,676 - DEBUG - ISO-8859-7 Greek confidence = 0.0
2024-06-21 15:37:52,676 - DEBUG - windows-1253 Greek confidence = 0.0
2024-06-21 15:37:52,676 - DEBUG - ISO-8859-5 Bulgarian confidence = 0.01
2024-06-21 15:37:52,676 - DEBUG - windows-1251 Bulgarian confidence = 0.01
2024-06-21 15:37:52,676 - DEBUG - TIS-620 Thai confidence = 0.01
2024-06-21 15:37:52,676 - DEBUG - ISO-8859-9 Turkish confidence = 0.5296677583315623
2024-06-21 15:37:52,676 - DEBUG - windows-1255 Hebrew confidence = 0.0
2024-06-21 15:37:52,676 - DEBUG - windows-1255 Hebrew confidence = 0.0
2024-06-21 15:37:52,676 - DEBUG - windows-1255 Hebrew confidence = 0.0
2024-06-21 15:37:52,679 - DEBUG - EUC-JP Japanese prober hit error at byte 1509
2024-06-21 15:37:52,680 - DEBUG - EUC-KR Korean prober hit error at byte 1509
2024-06-21 15:37:52,680 - DEBUG - CP949 Korean prober hit error at byte 1509
2024-06-21 15:37:52,681 - DEBUG - Big5 Chinese prober hit error at byte 1510
2024-06-21 15:37:52,681 - DEBUG - EUC-TW Taiwan prober hit error at byte 1509
2024-06-21 15:37:52,683 - DEBUG - utf-8  confidence = 0.505
2024-06-21 15:37:52,683 - DEBUG - SHIFT_JIS Japanese confidence = 0.01
2024-06-21 15:37:52,683 - DEBUG - EUC-JP not active
2024-06-21 15:37:52,683 - DEBUG - GB2312 Chinese confidence = 0.01
2024-06-21 15:37:52,683 - DEBUG - EUC-KR not active
2024-06-21 15:37:52,683 - DEBUG - CP949 not active
2024-06-21 15:37:52,683 - DEBUG - Big5 not active
2024-06-21 15:37:52,683 - DEBUG - EUC-TW not active
2024-06-21 15:37:52,683 - DEBUG - windows-1251 Russian confidence = 0.01
2024-06-21 15:37:52,683 - DEBUG - KOI8-R Russian confidence = 0.01
2024-06-21 15:37:52,683 - DEBUG - ISO-8859-5 Russian confidence = 0.01
2024-06-21 15:37:52,683 - DEBUG - MacCyrillic Russian confidence = 0.0
2024-06-21 15:37:52,683 - DEBUG - IBM866 Russian confidence = 0.0
2024-06-21 15:37:52,683 - DEBUG - IBM855 Russian confidence = 0.01
2024-06-21 15:37:52,683 - DEBUG - ISO-8859-7 Greek confidence = 0.01
2024-06-21 15:37:52,683 - DEBUG - windows-1253 Greek confidence = 0.01
2024-06-21 15:37:52,683 - DEBUG - ISO-8859-5 Bulgarian confidence = 0.01
2024-06-21 15:37:52,683 - DEBUG - windows-1251 Bulgarian confidence = 0.01
2024-06-21 15:37:52,683 - DEBUG - TIS-620 Thai confidence = 0.01
2024-06-21 15:37:52,683 - DEBUG - ISO-8859-9 Turkish confidence = 0.5829203829871805
2024-06-21 15:37:52,683 - DEBUG - windows-1255 Hebrew confidence = 0.0
2024-06-21 15:37:52,683 - DEBUG - windows-1255 Hebrew confidence = 0.01
2024-06-21 15:37:52,683 - DEBUG - windows-1255 Hebrew confidence = 0.01
2024-06-21 15:37:52,689 - DEBUG - EUC-JP Japanese prober hit error at byte 815
2024-06-21 15:37:52,690 - DEBUG - EUC-KR Korean prober hit error at byte 815
2024-06-21 15:37:52,690 - DEBUG - CP949 Korean prober hit error at byte 815
2024-06-21 15:37:52,690 - DEBUG - Big5 Chinese prober hit error at byte 816
2024-06-21 15:37:52,691 - DEBUG - EUC-TW Taiwan prober hit error at byte 815
2024-06-21 15:37:52,693 - DEBUG - utf-8  confidence = 0.505
2024-06-21 15:37:52,693 - DEBUG - SHIFT_JIS Japanese confidence = 0.01
2024-06-21 15:37:52,693 - DEBUG - EUC-JP not active
2024-06-21 15:37:52,693 - DEBUG - GB2312 Chinese confidence = 0.01
2024-06-21 15:37:52,693 - DEBUG - EUC-KR not active
2024-06-21 15:37:52,693 - DEBUG - CP949 not active
2024-06-21 15:37:52,693 - DEBUG - Big5 not active
2024-06-21 15:37:52,693 - DEBUG - EUC-TW not active
2024-06-21 15:37:52,693 - DEBUG - windows-1251 Russian confidence = 0.01
2024-06-21 15:37:52,693 - DEBUG - KOI8-R Russian confidence = 0.01
2024-06-21 15:37:52,693 - DEBUG - ISO-8859-5 Russian confidence = 0.01
2024-06-21 15:37:52,693 - DEBUG - MacCyrillic Russian confidence = 0.0
2024-06-21 15:37:52,693 - DEBUG - IBM866 Russian confidence = 0.0
2024-06-21 15:37:52,693 - DEBUG - IBM855 Russian confidence = 0.01
2024-06-21 15:37:52,693 - DEBUG - ISO-8859-7 Greek confidence = 0.0
2024-06-21 15:37:52,693 - DEBUG - windows-1253 Greek confidence = 0.0
2024-06-21 15:37:52,693 - DEBUG - ISO-8859-5 Bulgarian confidence = 0.01
2024-06-21 15:37:52,693 - DEBUG - windows-1251 Bulgarian confidence = 0.01
2024-06-21 15:37:52,693 - DEBUG - TIS-620 Thai confidence = 0.01
2024-06-21 15:37:52,693 - DEBUG - ISO-8859-9 Turkish confidence = 0.588171721626968
2024-06-21 15:37:52,693 - DEBUG - windows-1255 Hebrew confidence = 0.0
2024-06-21 15:37:52,693 - DEBUG - windows-1255 Hebrew confidence = 0.0
2024-06-21 15:37:52,693 - DEBUG - windows-1255 Hebrew confidence = 0.0
2024-06-21 15:37:52,698 - DEBUG - EUC-JP Japanese prober hit error at byte 378
2024-06-21 15:37:52,698 - DEBUG - EUC-KR Korean prober hit error at byte 378
2024-06-21 15:37:52,698 - DEBUG - CP949 Korean prober hit error at byte 378
2024-06-21 15:37:52,699 - DEBUG - Big5 Chinese prober hit error at byte 379
2024-06-21 15:37:52,699 - DEBUG - EUC-TW Taiwan prober hit error at byte 378
2024-06-21 15:37:52,700 - DEBUG - utf-8  confidence = 0.505
2024-06-21 15:37:52,700 - DEBUG - SHIFT_JIS Japanese confidence = 0.01
2024-06-21 15:37:52,700 - DEBUG - EUC-JP not active
2024-06-21 15:37:52,700 - DEBUG - GB2312 Chinese confidence = 0.01
2024-06-21 15:37:52,700 - DEBUG - EUC-KR not active
2024-06-21 15:37:52,700 - DEBUG - CP949 not active
2024-06-21 15:37:52,700 - DEBUG - Big5 not active
2024-06-21 15:37:52,700 - DEBUG - EUC-TW not active
2024-06-21 15:37:52,700 - DEBUG - windows-1251 Russian confidence = 0.01
2024-06-21 15:37:52,700 - DEBUG - KOI8-R Russian confidence = 0.01
2024-06-21 15:37:52,700 - DEBUG - ISO-8859-5 Russian confidence = 0.01
2024-06-21 15:37:52,700 - DEBUG - MacCyrillic Russian confidence = 0.0
2024-06-21 15:37:52,700 - DEBUG - IBM866 Russian confidence = 0.0
2024-06-21 15:37:52,700 - DEBUG - IBM855 Russian confidence = 0.01
2024-06-21 15:37:52,700 - DEBUG - ISO-8859-7 Greek confidence = 0.0
2024-06-21 15:37:52,700 - DEBUG - windows-1253 Greek confidence = 0.0
2024-06-21 15:37:52,700 - DEBUG - ISO-8859-5 Bulgarian confidence = 0.01
2024-06-21 15:37:52,700 - DEBUG - windows-1251 Bulgarian confidence = 0.01
2024-06-21 15:37:52,700 - DEBUG - TIS-620 Thai confidence = 0.01
2024-06-21 15:37:52,700 - DEBUG - ISO-8859-9 Turkish confidence = 0.590649733196538
2024-06-21 15:37:52,700 - DEBUG - windows-1255 Hebrew confidence = 0.0
2024-06-21 15:37:52,700 - DEBUG - windows-1255 Hebrew confidence = 0.0
2024-06-21 15:37:52,701 - DEBUG - windows-1255 Hebrew confidence = 0.0
2024-06-21 15:37:52,702 - DEBUG - EUC-JP Japanese prober hit error at byte 473
2024-06-21 15:37:52,703 - DEBUG - EUC-KR Korean prober hit error at byte 473
2024-06-21 15:37:52,703 - DEBUG - CP949 Korean prober hit error at byte 473
2024-06-21 15:37:52,703 - DEBUG - Big5 Chinese prober hit error at byte 474
2024-06-21 15:37:52,703 - DEBUG - EUC-TW Taiwan prober hit error at byte 473
2024-06-21 15:37:52,704 - DEBUG - utf-8  confidence = 0.505
2024-06-21 15:37:52,704 - DEBUG - SHIFT_JIS Japanese confidence = 0.01
2024-06-21 15:37:52,704 - DEBUG - EUC-JP not active
2024-06-21 15:37:52,704 - DEBUG - GB2312 Chinese confidence = 0.01
2024-06-21 15:37:52,704 - DEBUG - EUC-KR not active
2024-06-21 15:37:52,704 - DEBUG - CP949 not active
2024-06-21 15:37:52,704 - DEBUG - Big5 not active
2024-06-21 15:37:52,704 - DEBUG - EUC-TW not active
2024-06-21 15:37:52,704 - DEBUG - windows-1251 Russian confidence = 0.01
2024-06-21 15:37:52,704 - DEBUG - KOI8-R Russian confidence = 0.01
2024-06-21 15:37:52,704 - DEBUG - ISO-8859-5 Russian confidence = 0.01
2024-06-21 15:37:52,704 - DEBUG - MacCyrillic Russian confidence = 0.0
2024-06-21 15:37:52,704 - DEBUG - IBM866 Russian confidence = 0.0
2024-06-21 15:37:52,704 - DEBUG - IBM855 Russian confidence = 0.01
2024-06-21 15:37:52,704 - DEBUG - ISO-8859-7 Greek confidence = 0.01
2024-06-21 15:37:52,704 - DEBUG - windows-1253 Greek confidence = 0.01
2024-06-21 15:37:52,704 - DEBUG - ISO-8859-5 Bulgarian confidence = 0.01
2024-06-21 15:37:52,704 - DEBUG - windows-1251 Bulgarian confidence = 0.01
2024-06-21 15:37:52,704 - DEBUG - TIS-620 Thai confidence = 0.01
2024-06-21 15:37:52,704 - DEBUG - ISO-8859-9 Turkish confidence = 0.6151483545109029
2024-06-21 15:37:52,704 - DEBUG - windows-1255 Hebrew confidence = 0.0
2024-06-21 15:37:52,704 - DEBUG - windows-1255 Hebrew confidence = 0.0
2024-06-21 15:37:52,704 - DEBUG - windows-1255 Hebrew confidence = 0.0
2024-06-21 15:37:52,708 - DEBUG - EUC-JP Japanese prober hit error at byte 1533
2024-06-21 15:37:52,709 - DEBUG - EUC-KR Korean prober hit error at byte 1533
2024-06-21 15:37:52,709 - DEBUG - CP949 Korean prober hit error at byte 1533
2024-06-21 15:37:52,710 - DEBUG - Big5 Chinese prober hit error at byte 1534
2024-06-21 15:37:52,710 - DEBUG - EUC-TW Taiwan prober hit error at byte 1533
2024-06-21 15:37:52,712 - DEBUG - utf-8  confidence = 0.505
2024-06-21 15:37:52,713 - DEBUG - SHIFT_JIS Japanese confidence = 0.01
2024-06-21 15:37:52,713 - DEBUG - EUC-JP not active
2024-06-21 15:37:52,713 - DEBUG - GB2312 Chinese confidence = 0.01
2024-06-21 15:37:52,713 - DEBUG - EUC-KR not active
2024-06-21 15:37:52,713 - DEBUG - CP949 not active
2024-06-21 15:37:52,713 - DEBUG - Big5 not active
2024-06-21 15:37:52,713 - DEBUG - EUC-TW not active
2024-06-21 15:37:52,713 - DEBUG - windows-1251 Russian confidence = 0.01
2024-06-21 15:37:52,713 - DEBUG - KOI8-R Russian confidence = 0.01
2024-06-21 15:37:52,713 - DEBUG - ISO-8859-5 Russian confidence = 0.01
2024-06-21 15:37:52,713 - DEBUG - MacCyrillic Russian confidence = 0.0
2024-06-21 15:37:52,713 - DEBUG - IBM866 Russian confidence = 0.0
2024-06-21 15:37:52,713 - DEBUG - IBM855 Russian confidence = 0.01
2024-06-21 15:37:52,713 - DEBUG - ISO-8859-7 Greek confidence = 0.0
2024-06-21 15:37:52,713 - DEBUG - windows-1253 Greek confidence = 0.0
2024-06-21 15:37:52,713 - DEBUG - ISO-8859-5 Bulgarian confidence = 0.01
2024-06-21 15:37:52,713 - DEBUG - windows-1251 Bulgarian confidence = 0.01
2024-06-21 15:37:52,713 - DEBUG - TIS-620 Thai confidence = 0.01
2024-06-21 15:37:52,713 - DEBUG - ISO-8859-9 Turkish confidence = 0.5942097093088146
2024-06-21 15:37:52,713 - DEBUG - windows-1255 Hebrew confidence = 0.0
2024-06-21 15:37:52,713 - DEBUG - windows-1255 Hebrew confidence = 0.0
2024-06-21 15:37:52,713 - DEBUG - windows-1255 Hebrew confidence = 0.0
2024-06-21 15:37:52,742 - DEBUG - EUC-JP Japanese prober hit error at byte 1185
2024-06-21 15:37:52,743 - DEBUG - EUC-KR Korean prober hit error at byte 1185
2024-06-21 15:37:52,743 - DEBUG - CP949 Korean prober hit error at byte 1185
2024-06-21 15:37:52,744 - DEBUG - Big5 Chinese prober hit error at byte 1186
2024-06-21 15:37:52,744 - DEBUG - EUC-TW Taiwan prober hit error at byte 1185
2024-06-21 15:37:52,745 - DEBUG - utf-8  confidence = 0.7525
2024-06-21 15:37:52,745 - DEBUG - SHIFT_JIS Japanese confidence = 0.01
2024-06-21 15:37:52,745 - DEBUG - EUC-JP not active
2024-06-21 15:37:52,745 - DEBUG - GB2312 Chinese confidence = 0.01
2024-06-21 15:37:52,745 - DEBUG - EUC-KR not active
2024-06-21 15:37:52,745 - DEBUG - CP949 not active
2024-06-21 15:37:52,745 - DEBUG - Big5 not active
2024-06-21 15:37:52,745 - DEBUG - EUC-TW not active
2024-06-21 15:37:52,746 - DEBUG - windows-1251 Russian confidence = 0.01
2024-06-21 15:37:52,746 - DEBUG - KOI8-R Russian confidence = 0.01
2024-06-21 15:37:52,746 - DEBUG - ISO-8859-5 Russian confidence = 0.01
2024-06-21 15:37:52,746 - DEBUG - MacCyrillic Russian confidence = 0.0
2024-06-21 15:37:52,746 - DEBUG - IBM866 Russian confidence = 0.0
2024-06-21 15:37:52,746 - DEBUG - IBM855 Russian confidence = 0.01
2024-06-21 15:37:52,746 - DEBUG - ISO-8859-7 Greek confidence = 0.01
2024-06-21 15:37:52,746 - DEBUG - windows-1253 Greek confidence = 0.01
2024-06-21 15:37:52,746 - DEBUG - ISO-8859-5 Bulgarian confidence = 0.01
2024-06-21 15:37:52,746 - DEBUG - windows-1251 Bulgarian confidence = 0.01
2024-06-21 15:37:52,746 - DEBUG - TIS-620 Thai confidence = 0.01
2024-06-21 15:37:52,746 - DEBUG - ISO-8859-9 Turkish confidence = 0.5321550136386491
2024-06-21 15:37:52,746 - DEBUG - windows-1255 Hebrew confidence = 0.0
2024-06-21 15:37:52,746 - DEBUG - windows-1255 Hebrew confidence = 0.0
2024-06-21 15:37:52,746 - DEBUG - windows-1255 Hebrew confidence = 0.0
2024-06-21 15:37:52,746 - DEBUG - utf-8  confidence = 0.7525
2024-06-21 15:37:52,746 - DEBUG - SHIFT_JIS Japanese confidence = 0.01
2024-06-21 15:37:52,746 - DEBUG - EUC-JP not active
2024-06-21 15:37:52,746 - DEBUG - GB2312 Chinese confidence = 0.01
2024-06-21 15:37:52,746 - DEBUG - EUC-KR not active
2024-06-21 15:37:52,746 - DEBUG - CP949 not active
2024-06-21 15:37:52,746 - DEBUG - Big5 not active
2024-06-21 15:37:52,746 - DEBUG - EUC-TW not active
2024-06-21 15:37:52,755 - DEBUG - EUC-JP Japanese prober hit error at byte 378
2024-06-21 15:37:52,755 - DEBUG - EUC-KR Korean prober hit error at byte 378
2024-06-21 15:37:52,755 - DEBUG - CP949 Korean prober hit error at byte 378
2024-06-21 15:37:52,755 - DEBUG - Big5 Chinese prober hit error at byte 379
2024-06-21 15:37:52,755 - DEBUG - EUC-TW Taiwan prober hit error at byte 378
2024-06-21 15:37:52,757 - DEBUG - utf-8  confidence = 0.505
2024-06-21 15:37:52,757 - DEBUG - SHIFT_JIS Japanese confidence = 0.01
2024-06-21 15:37:52,757 - DEBUG - EUC-JP not active
2024-06-21 15:37:52,757 - DEBUG - GB2312 Chinese confidence = 0.01
2024-06-21 15:37:52,757 - DEBUG - EUC-KR not active
2024-06-21 15:37:52,757 - DEBUG - CP949 not active
2024-06-21 15:37:52,757 - DEBUG - Big5 not active
2024-06-21 15:37:52,757 - DEBUG - EUC-TW not active
2024-06-21 15:37:52,757 - DEBUG - windows-1251 Russian confidence = 0.01
2024-06-21 15:37:52,757 - DEBUG - KOI8-R Russian confidence = 0.01
2024-06-21 15:37:52,757 - DEBUG - ISO-8859-5 Russian confidence = 0.01
2024-06-21 15:37:52,757 - DEBUG - MacCyrillic Russian confidence = 0.0
2024-06-21 15:37:52,757 - DEBUG - IBM866 Russian confidence = 0.0
2024-06-21 15:37:52,757 - DEBUG - IBM855 Russian confidence = 0.01
2024-06-21 15:37:52,757 - DEBUG - ISO-8859-7 Greek confidence = 0.0
2024-06-21 15:37:52,757 - DEBUG - windows-1253 Greek confidence = 0.0
2024-06-21 15:37:52,757 - DEBUG - ISO-8859-5 Bulgarian confidence = 0.01
2024-06-21 15:37:52,757 - DEBUG - windows-1251 Bulgarian confidence = 0.01
2024-06-21 15:37:52,757 - DEBUG - TIS-620 Thai confidence = 0.01
2024-06-21 15:37:52,757 - DEBUG - ISO-8859-9 Turkish confidence = 0.5842903017423253
2024-06-21 15:37:52,757 - DEBUG - windows-1255 Hebrew confidence = 0.0
2024-06-21 15:37:52,757 - DEBUG - windows-1255 Hebrew confidence = 0.0
2024-06-21 15:37:52,757 - DEBUG - windows-1255 Hebrew confidence = 0.0
2024-06-21 15:37:52,777 - DEBUG - EUC-JP Japanese prober hit error at byte 795
2024-06-21 15:37:52,777 - DEBUG - EUC-KR Korean prober hit error at byte 795
2024-06-21 15:37:52,778 - DEBUG - CP949 Korean prober hit error at byte 795
2024-06-21 15:37:52,778 - DEBUG - Big5 Chinese prober hit error at byte 796
2024-06-21 15:37:52,778 - DEBUG - EUC-TW Taiwan prober hit error at byte 795
2024-06-21 15:37:52,780 - DEBUG - utf-8  confidence = 0.505
2024-06-21 15:37:52,780 - DEBUG - SHIFT_JIS Japanese confidence = 0.01
2024-06-21 15:37:52,780 - DEBUG - EUC-JP not active
2024-06-21 15:37:52,780 - DEBUG - GB2312 Chinese confidence = 0.01
2024-06-21 15:37:52,780 - DEBUG - EUC-KR not active
2024-06-21 15:37:52,780 - DEBUG - CP949 not active
2024-06-21 15:37:52,780 - DEBUG - Big5 not active
2024-06-21 15:37:52,780 - DEBUG - EUC-TW not active
2024-06-21 15:37:52,780 - DEBUG - windows-1251 Russian confidence = 0.01
2024-06-21 15:37:52,780 - DEBUG - KOI8-R Russian confidence = 0.01
2024-06-21 15:37:52,780 - DEBUG - ISO-8859-5 Russian confidence = 0.01
2024-06-21 15:37:52,780 - DEBUG - MacCyrillic Russian confidence = 0.0
2024-06-21 15:37:52,780 - DEBUG - IBM866 Russian confidence = 0.0
2024-06-21 15:37:52,780 - DEBUG - IBM855 Russian confidence = 0.01
2024-06-21 15:37:52,780 - DEBUG - ISO-8859-7 Greek confidence = 0.01
2024-06-21 15:37:52,780 - DEBUG - windows-1253 Greek confidence = 0.01
2024-06-21 15:37:52,780 - DEBUG - ISO-8859-5 Bulgarian confidence = 0.01
2024-06-21 15:37:52,780 - DEBUG - windows-1251 Bulgarian confidence = 0.01
2024-06-21 15:37:52,780 - DEBUG - TIS-620 Thai confidence = 0.01
2024-06-21 15:37:52,780 - DEBUG - ISO-8859-9 Turkish confidence = 0.5561759341728019
2024-06-21 15:37:52,780 - DEBUG - windows-1255 Hebrew confidence = 0.0
2024-06-21 15:37:52,780 - DEBUG - windows-1255 Hebrew confidence = 0.01
2024-06-21 15:37:52,780 - DEBUG - windows-1255 Hebrew confidence = 0.01
2024-06-21 15:37:52,783 - DEBUG - EUC-JP Japanese prober hit error at byte 1131
2024-06-21 15:37:52,784 - DEBUG - EUC-KR Korean prober hit error at byte 1131
2024-06-21 15:37:52,784 - DEBUG - CP949 Korean prober hit error at byte 1131
2024-06-21 15:37:52,785 - DEBUG - Big5 Chinese prober hit error at byte 1132
2024-06-21 15:37:52,785 - DEBUG - EUC-TW Taiwan prober hit error at byte 1131
2024-06-21 15:37:52,786 - DEBUG - utf-8  confidence = 0.505
2024-06-21 15:37:52,786 - DEBUG - SHIFT_JIS Japanese confidence = 0.01
2024-06-21 15:37:52,786 - DEBUG - EUC-JP not active
2024-06-21 15:37:52,786 - DEBUG - GB2312 Chinese confidence = 0.01
2024-06-21 15:37:52,787 - DEBUG - EUC-KR not active
2024-06-21 15:37:52,787 - DEBUG - CP949 not active
2024-06-21 15:37:52,787 - DEBUG - Big5 not active
2024-06-21 15:37:52,787 - DEBUG - EUC-TW not active
2024-06-21 15:37:52,787 - DEBUG - windows-1251 Russian confidence = 0.01
2024-06-21 15:37:52,787 - DEBUG - KOI8-R Russian confidence = 0.01
2024-06-21 15:37:52,787 - DEBUG - ISO-8859-5 Russian confidence = 0.01
2024-06-21 15:37:52,787 - DEBUG - MacCyrillic Russian confidence = 0.0
2024-06-21 15:37:52,787 - DEBUG - IBM866 Russian confidence = 0.0
2024-06-21 15:37:52,787 - DEBUG - IBM855 Russian confidence = 0.01
2024-06-21 15:37:52,787 - DEBUG - ISO-8859-7 Greek confidence = 0.01
2024-06-21 15:37:52,787 - DEBUG - windows-1253 Greek confidence = 0.01
2024-06-21 15:37:52,787 - DEBUG - ISO-8859-5 Bulgarian confidence = 0.01
2024-06-21 15:37:52,787 - DEBUG - windows-1251 Bulgarian confidence = 0.01
2024-06-21 15:37:52,787 - DEBUG - TIS-620 Thai confidence = 0.01
2024-06-21 15:37:52,787 - DEBUG - ISO-8859-9 Turkish confidence = 0.5828805087698193
2024-06-21 15:37:52,787 - DEBUG - windows-1255 Hebrew confidence = 0.0
2024-06-21 15:37:52,787 - DEBUG - windows-1255 Hebrew confidence = 0.0
2024-06-21 15:37:52,787 - DEBUG - windows-1255 Hebrew confidence = 0.0
2024-06-21 15:37:52,789 - DEBUG - EUC-JP Japanese prober hit error at byte 814
2024-06-21 15:37:52,790 - DEBUG - EUC-KR Korean prober hit error at byte 814
2024-06-21 15:37:52,790 - DEBUG - CP949 Korean prober hit error at byte 814
2024-06-21 15:37:52,790 - DEBUG - Big5 Chinese prober hit error at byte 815
2024-06-21 15:37:52,791 - DEBUG - EUC-TW Taiwan prober hit error at byte 814
2024-06-21 15:37:52,792 - DEBUG - utf-8  confidence = 0.505
2024-06-21 15:37:52,792 - DEBUG - SHIFT_JIS Japanese confidence = 0.01
2024-06-21 15:37:52,792 - DEBUG - EUC-JP not active
2024-06-21 15:37:52,792 - DEBUG - GB2312 Chinese confidence = 0.01
2024-06-21 15:37:52,792 - DEBUG - EUC-KR not active
2024-06-21 15:37:52,792 - DEBUG - CP949 not active
2024-06-21 15:37:52,792 - DEBUG - Big5 not active
2024-06-21 15:37:52,792 - DEBUG - EUC-TW not active
2024-06-21 15:37:52,792 - DEBUG - windows-1251 Russian confidence = 0.01
2024-06-21 15:37:52,792 - DEBUG - KOI8-R Russian confidence = 0.01
2024-06-21 15:37:52,792 - DEBUG - ISO-8859-5 Russian confidence = 0.01
2024-06-21 15:37:52,792 - DEBUG - MacCyrillic Russian confidence = 0.0
2024-06-21 15:37:52,792 - DEBUG - IBM866 Russian confidence = 0.0
2024-06-21 15:37:52,792 - DEBUG - IBM855 Russian confidence = 0.01
2024-06-21 15:37:52,792 - DEBUG - ISO-8859-7 Greek confidence = 0.01
2024-06-21 15:37:52,792 - DEBUG - windows-1253 Greek confidence = 0.01
2024-06-21 15:37:52,792 - DEBUG - ISO-8859-5 Bulgarian confidence = 0.01
2024-06-21 15:37:52,792 - DEBUG - windows-1251 Bulgarian confidence = 0.01
2024-06-21 15:37:52,792 - DEBUG - TIS-620 Thai confidence = 0.01
2024-06-21 15:37:52,792 - DEBUG - ISO-8859-9 Turkish confidence = 0.6145511464273541
2024-06-21 15:37:52,792 - DEBUG - windows-1255 Hebrew confidence = 0.0
2024-06-21 15:37:52,792 - DEBUG - windows-1255 Hebrew confidence = 0.0
2024-06-21 15:37:52,792 - DEBUG - windows-1255 Hebrew confidence = 0.0
2024-06-21 15:37:52,795 - DEBUG - EUC-JP Japanese prober hit error at byte 351
2024-06-21 15:37:52,796 - DEBUG - EUC-KR Korean prober hit error at byte 351
2024-06-21 15:37:52,796 - DEBUG - CP949 Korean prober hit error at byte 351
2024-06-21 15:37:52,796 - DEBUG - Big5 Chinese prober hit error at byte 352
2024-06-21 15:37:52,796 - DEBUG - EUC-TW Taiwan prober hit error at byte 351
2024-06-21 15:37:52,797 - DEBUG - utf-8  confidence = 0.87625
2024-06-21 15:37:52,797 - DEBUG - SHIFT_JIS Japanese confidence = 0.01
2024-06-21 15:37:52,797 - DEBUG - EUC-JP not active
2024-06-21 15:37:52,797 - DEBUG - GB2312 Chinese confidence = 0.01
2024-06-21 15:37:52,797 - DEBUG - EUC-KR not active
2024-06-21 15:37:52,797 - DEBUG - CP949 not active
2024-06-21 15:37:52,797 - DEBUG - Big5 not active
2024-06-21 15:37:52,797 - DEBUG - EUC-TW not active
2024-06-21 15:37:52,797 - DEBUG - windows-1251 Russian confidence = 0.01
2024-06-21 15:37:52,797 - DEBUG - KOI8-R Russian confidence = 0.01
2024-06-21 15:37:52,797 - DEBUG - ISO-8859-5 Russian confidence = 0.01
2024-06-21 15:37:52,797 - DEBUG - MacCyrillic Russian confidence = 0.0
2024-06-21 15:37:52,798 - DEBUG - IBM866 Russian confidence = 0.0
2024-06-21 15:37:52,798 - DEBUG - IBM855 Russian confidence = 0.01
2024-06-21 15:37:52,798 - DEBUG - ISO-8859-7 Greek confidence = 0.0
2024-06-21 15:37:52,798 - DEBUG - windows-1253 Greek confidence = 0.0
2024-06-21 15:37:52,798 - DEBUG - ISO-8859-5 Bulgarian confidence = 0.01
2024-06-21 15:37:52,798 - DEBUG - windows-1251 Bulgarian confidence = 0.01
2024-06-21 15:37:52,798 - DEBUG - TIS-620 Thai confidence = 0.01
2024-06-21 15:37:52,798 - DEBUG - ISO-8859-9 Turkish confidence = 0.5773831980375089
2024-06-21 15:37:52,798 - DEBUG - windows-1255 Hebrew confidence = 0.0
2024-06-21 15:37:52,798 - DEBUG - windows-1255 Hebrew confidence = 0.0
2024-06-21 15:37:52,798 - DEBUG - windows-1255 Hebrew confidence = 0.0
2024-06-21 15:37:52,798 - DEBUG - utf-8  confidence = 0.87625
2024-06-21 15:37:52,798 - DEBUG - SHIFT_JIS Japanese confidence = 0.01
2024-06-21 15:37:52,798 - DEBUG - EUC-JP not active
2024-06-21 15:37:52,798 - DEBUG - GB2312 Chinese confidence = 0.01
2024-06-21 15:37:52,798 - DEBUG - EUC-KR not active
2024-06-21 15:37:52,798 - DEBUG - CP949 not active
2024-06-21 15:37:52,798 - DEBUG - Big5 not active
2024-06-21 15:37:52,798 - DEBUG - EUC-TW not active
2024-06-21 15:37:52,804 - DEBUG - EUC-JP Japanese prober hit error at byte 1533
2024-06-21 15:37:52,805 - DEBUG - EUC-KR Korean prober hit error at byte 1533
2024-06-21 15:37:52,806 - DEBUG - CP949 Korean prober hit error at byte 1533
2024-06-21 15:37:52,806 - DEBUG - Big5 Chinese prober hit error at byte 1534
2024-06-21 15:37:52,806 - DEBUG - EUC-TW Taiwan prober hit error at byte 1533
2024-06-21 15:37:52,808 - DEBUG - utf-8  confidence = 0.505
2024-06-21 15:37:52,808 - DEBUG - SHIFT_JIS Japanese confidence = 0.01
2024-06-21 15:37:52,808 - DEBUG - EUC-JP not active
2024-06-21 15:37:52,808 - DEBUG - GB2312 Chinese confidence = 0.01
2024-06-21 15:37:52,808 - DEBUG - EUC-KR not active
2024-06-21 15:37:52,808 - DEBUG - CP949 not active
2024-06-21 15:37:52,808 - DEBUG - Big5 not active
2024-06-21 15:37:52,809 - DEBUG - EUC-TW not active
2024-06-21 15:37:52,809 - DEBUG - windows-1251 Russian confidence = 0.01
2024-06-21 15:37:52,809 - DEBUG - KOI8-R Russian confidence = 0.01
2024-06-21 15:37:52,809 - DEBUG - ISO-8859-5 Russian confidence = 0.01
2024-06-21 15:37:52,809 - DEBUG - MacCyrillic Russian confidence = 0.0
2024-06-21 15:37:52,809 - DEBUG - IBM866 Russian confidence = 0.0
2024-06-21 15:37:52,809 - DEBUG - IBM855 Russian confidence = 0.01
2024-06-21 15:37:52,809 - DEBUG - ISO-8859-7 Greek confidence = 0.0
2024-06-21 15:37:52,809 - DEBUG - windows-1253 Greek confidence = 0.0
2024-06-21 15:37:52,809 - DEBUG - ISO-8859-5 Bulgarian confidence = 0.01
2024-06-21 15:37:52,809 - DEBUG - windows-1251 Bulgarian confidence = 0.01
2024-06-21 15:37:52,809 - DEBUG - TIS-620 Thai confidence = 0.01
2024-06-21 15:37:52,809 - DEBUG - ISO-8859-9 Turkish confidence = 0.5921610046837212
2024-06-21 15:37:52,809 - DEBUG - windows-1255 Hebrew confidence = 0.0
2024-06-21 15:37:52,809 - DEBUG - windows-1255 Hebrew confidence = 0.0
2024-06-21 15:37:52,809 - DEBUG - windows-1255 Hebrew confidence = 0.0
2024-06-21 15:37:52,810 - DEBUG - EUC-JP Japanese prober hit error at byte 426
2024-06-21 15:37:52,811 - DEBUG - EUC-KR Korean prober hit error at byte 426
2024-06-21 15:37:52,811 - DEBUG - CP949 Korean prober hit error at byte 426
2024-06-21 15:37:52,811 - DEBUG - Big5 Chinese prober hit error at byte 427
2024-06-21 15:37:52,811 - DEBUG - EUC-TW Taiwan prober hit error at byte 426
2024-06-21 15:37:52,812 - DEBUG - utf-8  confidence = 0.505
2024-06-21 15:37:52,812 - DEBUG - SHIFT_JIS Japanese confidence = 0.01
2024-06-21 15:37:52,812 - DEBUG - EUC-JP not active
2024-06-21 15:37:52,812 - DEBUG - GB2312 Chinese confidence = 0.01
2024-06-21 15:37:52,812 - DEBUG - EUC-KR not active
2024-06-21 15:37:52,812 - DEBUG - CP949 not active
2024-06-21 15:37:52,812 - DEBUG - Big5 not active
2024-06-21 15:37:52,812 - DEBUG - EUC-TW not active
2024-06-21 15:37:52,812 - DEBUG - windows-1251 Russian confidence = 0.01
2024-06-21 15:37:52,812 - DEBUG - KOI8-R Russian confidence = 0.01
2024-06-21 15:37:52,812 - DEBUG - ISO-8859-5 Russian confidence = 0.01
2024-06-21 15:37:52,812 - DEBUG - MacCyrillic Russian confidence = 0.0
2024-06-21 15:37:52,812 - DEBUG - IBM866 Russian confidence = 0.0
2024-06-21 15:37:52,812 - DEBUG - IBM855 Russian confidence = 0.01
2024-06-21 15:37:52,812 - DEBUG - ISO-8859-7 Greek confidence = 0.0
2024-06-21 15:37:52,812 - DEBUG - windows-1253 Greek confidence = 0.0
2024-06-21 15:37:52,812 - DEBUG - ISO-8859-5 Bulgarian confidence = 0.01
2024-06-21 15:37:52,812 - DEBUG - windows-1251 Bulgarian confidence = 0.01
2024-06-21 15:37:52,812 - DEBUG - TIS-620 Thai confidence = 0.01
2024-06-21 15:37:52,812 - DEBUG - ISO-8859-9 Turkish confidence = 0.5296677583315623
2024-06-21 15:37:52,812 - DEBUG - windows-1255 Hebrew confidence = 0.0
2024-06-21 15:37:52,812 - DEBUG - windows-1255 Hebrew confidence = 0.0
2024-06-21 15:37:52,812 - DEBUG - windows-1255 Hebrew confidence = 0.0
2024-06-21 15:37:52,816 - DEBUG - EUC-JP Japanese prober hit error at byte 1509
2024-06-21 15:37:52,817 - DEBUG - EUC-KR Korean prober hit error at byte 1509
2024-06-21 15:37:52,817 - DEBUG - CP949 Korean prober hit error at byte 1509
2024-06-21 15:37:52,818 - DEBUG - Big5 Chinese prober hit error at byte 1510
2024-06-21 15:37:52,818 - DEBUG - EUC-TW Taiwan prober hit error at byte 1509
2024-06-21 15:37:52,820 - DEBUG - utf-8  confidence = 0.505
2024-06-21 15:37:52,820 - DEBUG - SHIFT_JIS Japanese confidence = 0.01
2024-06-21 15:37:52,820 - DEBUG - EUC-JP not active
2024-06-21 15:37:52,820 - DEBUG - GB2312 Chinese confidence = 0.01
2024-06-21 15:37:52,820 - DEBUG - EUC-KR not active
2024-06-21 15:37:52,820 - DEBUG - CP949 not active
2024-06-21 15:37:52,820 - DEBUG - Big5 not active
2024-06-21 15:37:52,820 - DEBUG - EUC-TW not active
2024-06-21 15:37:52,820 - DEBUG - windows-1251 Russian confidence = 0.01
2024-06-21 15:37:52,820 - DEBUG - KOI8-R Russian confidence = 0.01
2024-06-21 15:37:52,820 - DEBUG - ISO-8859-5 Russian confidence = 0.01
2024-06-21 15:37:52,820 - DEBUG - MacCyrillic Russian confidence = 0.0
2024-06-21 15:37:52,820 - DEBUG - IBM866 Russian confidence = 0.0
2024-06-21 15:37:52,820 - DEBUG - IBM855 Russian confidence = 0.01
2024-06-21 15:37:52,820 - DEBUG - ISO-8859-7 Greek confidence = 0.01
2024-06-21 15:37:52,820 - DEBUG - windows-1253 Greek confidence = 0.01
2024-06-21 15:37:52,820 - DEBUG - ISO-8859-5 Bulgarian confidence = 0.01
2024-06-21 15:37:52,820 - DEBUG - windows-1251 Bulgarian confidence = 0.01
2024-06-21 15:37:52,820 - DEBUG - TIS-620 Thai confidence = 0.01
2024-06-21 15:37:52,820 - DEBUG - ISO-8859-9 Turkish confidence = 0.5829203829871805
2024-06-21 15:37:52,820 - DEBUG - windows-1255 Hebrew confidence = 0.0
2024-06-21 15:37:52,820 - DEBUG - windows-1255 Hebrew confidence = 0.01
2024-06-21 15:37:52,820 - DEBUG - windows-1255 Hebrew confidence = 0.01
2024-06-21 15:37:52,826 - DEBUG - EUC-JP Japanese prober hit error at byte 815
2024-06-21 15:37:52,826 - DEBUG - EUC-KR Korean prober hit error at byte 815
2024-06-21 15:37:52,826 - DEBUG - CP949 Korean prober hit error at byte 815
2024-06-21 15:37:52,827 - DEBUG - Big5 Chinese prober hit error at byte 816
2024-06-21 15:37:52,827 - DEBUG - EUC-TW Taiwan prober hit error at byte 815
2024-06-21 15:37:52,828 - DEBUG - utf-8  confidence = 0.505
2024-06-21 15:37:52,828 - DEBUG - SHIFT_JIS Japanese confidence = 0.01
2024-06-21 15:37:52,829 - DEBUG - EUC-JP not active
2024-06-21 15:37:52,829 - DEBUG - GB2312 Chinese confidence = 0.01
2024-06-21 15:37:52,829 - DEBUG - EUC-KR not active
2024-06-21 15:37:52,829 - DEBUG - CP949 not active
2024-06-21 15:37:52,829 - DEBUG - Big5 not active
2024-06-21 15:37:52,829 - DEBUG - EUC-TW not active
2024-06-21 15:37:52,829 - DEBUG - windows-1251 Russian confidence = 0.01
2024-06-21 15:37:52,829 - DEBUG - KOI8-R Russian confidence = 0.01
2024-06-21 15:37:52,829 - DEBUG - ISO-8859-5 Russian confidence = 0.01
2024-06-21 15:37:52,829 - DEBUG - MacCyrillic Russian confidence = 0.0
2024-06-21 15:37:52,829 - DEBUG - IBM866 Russian confidence = 0.0
2024-06-21 15:37:52,829 - DEBUG - IBM855 Russian confidence = 0.01
2024-06-21 15:37:52,829 - DEBUG - ISO-8859-7 Greek confidence = 0.0
2024-06-21 15:37:52,829 - DEBUG - windows-1253 Greek confidence = 0.0
2024-06-21 15:37:52,829 - DEBUG - ISO-8859-5 Bulgarian confidence = 0.01
2024-06-21 15:37:52,829 - DEBUG - windows-1251 Bulgarian confidence = 0.01
2024-06-21 15:37:52,829 - DEBUG - TIS-620 Thai confidence = 0.01
2024-06-21 15:37:52,829 - DEBUG - ISO-8859-9 Turkish confidence = 0.588171721626968
2024-06-21 15:37:52,829 - DEBUG - windows-1255 Hebrew confidence = 0.0
2024-06-21 15:37:52,829 - DEBUG - windows-1255 Hebrew confidence = 0.0
2024-06-21 15:37:52,829 - DEBUG - windows-1255 Hebrew confidence = 0.0
2024-06-21 15:37:52,832 - DEBUG - EUC-JP Japanese prober hit error at byte 378
2024-06-21 15:37:52,832 - DEBUG - EUC-KR Korean prober hit error at byte 378
2024-06-21 15:37:52,832 - DEBUG - CP949 Korean prober hit error at byte 378
2024-06-21 15:37:52,832 - DEBUG - Big5 Chinese prober hit error at byte 379
2024-06-21 15:37:52,832 - DEBUG - EUC-TW Taiwan prober hit error at byte 378
2024-06-21 15:37:52,834 - DEBUG - utf-8  confidence = 0.505
2024-06-21 15:37:52,834 - DEBUG - SHIFT_JIS Japanese confidence = 0.01
2024-06-21 15:37:52,834 - DEBUG - EUC-JP not active
2024-06-21 15:37:52,834 - DEBUG - GB2312 Chinese confidence = 0.01
2024-06-21 15:37:52,834 - DEBUG - EUC-KR not active
2024-06-21 15:37:52,834 - DEBUG - CP949 not active
2024-06-21 15:37:52,834 - DEBUG - Big5 not active
2024-06-21 15:37:52,834 - DEBUG - EUC-TW not active
2024-06-21 15:37:52,834 - DEBUG - windows-1251 Russian confidence = 0.01
2024-06-21 15:37:52,834 - DEBUG - KOI8-R Russian confidence = 0.01
2024-06-21 15:37:52,834 - DEBUG - ISO-8859-5 Russian confidence = 0.01
2024-06-21 15:37:52,834 - DEBUG - MacCyrillic Russian confidence = 0.0
2024-06-21 15:37:52,834 - DEBUG - IBM866 Russian confidence = 0.0
2024-06-21 15:37:52,834 - DEBUG - IBM855 Russian confidence = 0.01
2024-06-21 15:37:52,834 - DEBUG - ISO-8859-7 Greek confidence = 0.0
2024-06-21 15:37:52,834 - DEBUG - windows-1253 Greek confidence = 0.0
2024-06-21 15:37:52,834 - DEBUG - ISO-8859-5 Bulgarian confidence = 0.01
2024-06-21 15:37:52,834 - DEBUG - windows-1251 Bulgarian confidence = 0.01
2024-06-21 15:37:52,834 - DEBUG - TIS-620 Thai confidence = 0.01
2024-06-21 15:37:52,834 - DEBUG - ISO-8859-9 Turkish confidence = 0.590649733196538
2024-06-21 15:37:52,834 - DEBUG - windows-1255 Hebrew confidence = 0.0
2024-06-21 15:37:52,834 - DEBUG - windows-1255 Hebrew confidence = 0.0
2024-06-21 15:37:52,834 - DEBUG - windows-1255 Hebrew confidence = 0.0
2024-06-21 15:37:52,836 - DEBUG - EUC-JP Japanese prober hit error at byte 473
2024-06-21 15:37:52,836 - DEBUG - EUC-KR Korean prober hit error at byte 473
2024-06-21 15:37:52,836 - DEBUG - CP949 Korean prober hit error at byte 473
2024-06-21 15:37:52,836 - DEBUG - Big5 Chinese prober hit error at byte 474
2024-06-21 15:37:52,836 - DEBUG - EUC-TW Taiwan prober hit error at byte 473
2024-06-21 15:37:52,837 - DEBUG - utf-8  confidence = 0.505
2024-06-21 15:37:52,837 - DEBUG - SHIFT_JIS Japanese confidence = 0.01
2024-06-21 15:37:52,837 - DEBUG - EUC-JP not active
2024-06-21 15:37:52,837 - DEBUG - GB2312 Chinese confidence = 0.01
2024-06-21 15:37:52,837 - DEBUG - EUC-KR not active
2024-06-21 15:37:52,837 - DEBUG - CP949 not active
2024-06-21 15:37:52,837 - DEBUG - Big5 not active
2024-06-21 15:37:52,837 - DEBUG - EUC-TW not active
2024-06-21 15:37:52,837 - DEBUG - windows-1251 Russian confidence = 0.01
2024-06-21 15:37:52,837 - DEBUG - KOI8-R Russian confidence = 0.01
2024-06-21 15:37:52,837 - DEBUG - ISO-8859-5 Russian confidence = 0.01
2024-06-21 15:37:52,837 - DEBUG - MacCyrillic Russian confidence = 0.0
2024-06-21 15:37:52,837 - DEBUG - IBM866 Russian confidence = 0.0
2024-06-21 15:37:52,837 - DEBUG - IBM855 Russian confidence = 0.01
2024-06-21 15:37:52,837 - DEBUG - ISO-8859-7 Greek confidence = 0.01
2024-06-21 15:37:52,837 - DEBUG - windows-1253 Greek confidence = 0.01
2024-06-21 15:37:52,837 - DEBUG - ISO-8859-5 Bulgarian confidence = 0.01
2024-06-21 15:37:52,837 - DEBUG - windows-1251 Bulgarian confidence = 0.01
2024-06-21 15:37:52,837 - DEBUG - TIS-620 Thai confidence = 0.01
2024-06-21 15:37:52,837 - DEBUG - ISO-8859-9 Turkish confidence = 0.6151483545109029
2024-06-21 15:37:52,837 - DEBUG - windows-1255 Hebrew confidence = 0.0
2024-06-21 15:37:52,837 - DEBUG - windows-1255 Hebrew confidence = 0.0
2024-06-21 15:37:52,837 - DEBUG - windows-1255 Hebrew confidence = 0.0
2024-06-21 15:37:52,840 - DEBUG - EUC-JP Japanese prober hit error at byte 1533
2024-06-21 15:37:52,841 - DEBUG - EUC-KR Korean prober hit error at byte 1533
2024-06-21 15:37:52,841 - DEBUG - CP949 Korean prober hit error at byte 1533
2024-06-21 15:37:52,842 - DEBUG - Big5 Chinese prober hit error at byte 1534
2024-06-21 15:37:52,842 - DEBUG - EUC-TW Taiwan prober hit error at byte 1533
2024-06-21 15:37:52,844 - DEBUG - utf-8  confidence = 0.505
2024-06-21 15:37:52,844 - DEBUG - SHIFT_JIS Japanese confidence = 0.01
2024-06-21 15:37:52,844 - DEBUG - EUC-JP not active
2024-06-21 15:37:52,844 - DEBUG - GB2312 Chinese confidence = 0.01
2024-06-21 15:37:52,844 - DEBUG - EUC-KR not active
2024-06-21 15:37:52,844 - DEBUG - CP949 not active
2024-06-21 15:37:52,844 - DEBUG - Big5 not active
2024-06-21 15:37:52,844 - DEBUG - EUC-TW not active
2024-06-21 15:37:52,844 - DEBUG - windows-1251 Russian confidence = 0.01
2024-06-21 15:37:52,844 - DEBUG - KOI8-R Russian confidence = 0.01
2024-06-21 15:37:52,844 - DEBUG - ISO-8859-5 Russian confidence = 0.01
2024-06-21 15:37:52,844 - DEBUG - MacCyrillic Russian confidence = 0.0
2024-06-21 15:37:52,844 - DEBUG - IBM866 Russian confidence = 0.0
2024-06-21 15:37:52,844 - DEBUG - IBM855 Russian confidence = 0.01
2024-06-21 15:37:52,844 - DEBUG - ISO-8859-7 Greek confidence = 0.0
2024-06-21 15:37:52,844 - DEBUG - windows-1253 Greek confidence = 0.0
2024-06-21 15:37:52,844 - DEBUG - ISO-8859-5 Bulgarian confidence = 0.01
2024-06-21 15:37:52,844 - DEBUG - windows-1251 Bulgarian confidence = 0.01
2024-06-21 15:37:52,844 - DEBUG - TIS-620 Thai confidence = 0.01
2024-06-21 15:37:52,844 - DEBUG - ISO-8859-9 Turkish confidence = 0.5942097093088146
2024-06-21 15:37:52,844 - DEBUG - windows-1255 Hebrew confidence = 0.0
2024-06-21 15:37:52,844 - DEBUG - windows-1255 Hebrew confidence = 0.0
2024-06-21 15:37:52,845 - DEBUG - windows-1255 Hebrew confidence = 0.0
